Target ROCA size,Alphabet size,Total time (ms),ROCA counterexample time (ms),DFA counterexample time (ms),Learning DFA time (ms),Table time (ms),Finding descriptions (ms),Membership queries,Counter value queries,Partial equivalence queries,Equivalence queries,Rounds,Openness,Sigma-inconsistencies,Bottom-inconsistencies,Mismatches,Length longest cex,|R|,|S|,|? \ S|,"# of bin rows",Result ROCA size
1,2,2,1,0,1,0,0,11,7,2,4,3,1,0,1,1,2,3,1,1,0,2
1,2,0,0,0,1,0,0,3,1,1,2,2,0,0,0,0,0,1,1,0,0,1
1,2,0,0,0,0,0,0,0,0,0,1,1,0,0,0,0,0,0,0,0,0,1
1,2,0,1,0,0,0,0,0,0,0,1,1,0,0,0,0,0,0,0,0,0,1
1,2,13,2,0,11,6,0,59,33,4,9,5,4,0,4,1,6,11,4,0,1,2
1,2,3,0,0,3,0,0,3,1,1,2,2,0,0,0,0,0,1,1,0,0,1
1,2,0,0,0,0,0,0,0,0,0,1,1,0,0,0,0,0,0,0,0,0,1
1,2,0,0,0,0,0,0,0,0,0,1,1,0,0,0,0,0,0,0,0,0,1
1,2,1,0,0,1,0,0,5,1,1,2,2,1,0,0,0,0,2,1,0,1,1
1,2,2,0,2,2,0,0,11,7,2,4,3,1,0,1,1,2,3,1,1,0,2
1,2,0,0,0,0,0,0,0,0,0,1,1,0,0,0,0,0,0,0,0,0,1
1,2,1,0,0,1,1,0,5,1,1,2,2,1,0,0,0,0,2,1,0,1,1
1,2,0,0,0,1,1,0,5,1,1,2,2,1,0,0,0,0,2,1,0,1,1
1,2,0,0,0,0,0,0,0,0,0,1,1,0,0,0,0,0,0,0,0,0,1
1,2,0,0,0,0,0,0,0,0,0,1,1,0,0,0,0,0,0,0,0,0,1
1,2,2,0,1,3,1,0,11,7,2,4,3,1,0,1,1,2,3,1,1,0,2
1,2,0,0,0,0,0,0,0,0,0,1,1,0,0,0,0,0,0,0,0,0,1
1,2,0,0,0,0,0,0,0,0,0,1,1,0,0,0,0,0,0,0,0,0,1
1,2,0,0,0,0,0,0,0,0,0,1,1,0,0,0,0,0,0,0,0,0,1
1,2,0,0,0,1,0,0,3,1,1,2,2,0,0,0,0,0,1,1,0,0,1
1,2,0,0,0,0,0,0,0,0,0,1,1,0,0,0,0,0,0,0,0,0,1
1,2,0,0,0,0,0,0,3,1,1,2,2,0,0,0,0,0,1,1,0,0,1
1,2,0,1,0,0,0,0,0,0,0,1,1,0,0,0,0,0,0,0,0,0,1
1,2,9,0,2,3,0,0,11,7,2,4,3,1,0,1,1,2,3,1,1,0,2
1,2,0,0,0,0,0,0,0,0,0,1,1,0,0,0,0,0,0,0,0,0,1
1,2,2,1,0,0,0,0,5,1,1,2,2,1,0,0,0,0,2,1,0,1,1
1,2,6,0,1,6,3,0,59,33,4,9,5,4,0,4,1,6,11,4,0,1,2
1,2,2,0,0,0,0,0,0,0,0,1,1,0,0,0,0,0,0,0,0,0,1
1,2,0,0,0,0,0,0,0,0,0,1,1,0,0,0,0,0,0,0,0,0,1
1,2,10,1,0,6,4,0,71,48,4,9,5,4,0,7,4,6,11,4,1,1,2
1,2,0,0,0,0,0,0,0,0,0,1,1,0,0,0,0,0,0,0,0,0,1
1,2,1,0,0,1,0,0,3,1,1,2,2,0,0,0,0,0,1,1,0,0,1
1,2,0,0,0,0,0,0,0,0,0,1,1,0,0,0,0,0,0,0,0,0,1
1,2,0,0,0,0,0,0,0,0,0,1,1,0,0,0,0,0,0,0,0,0,1
1,2,0,0,0,0,0,0,5,1,1,2,2,1,0,0,0,0,2,1,0,1,1
1,2,0,0,0,0,0,0,0,0,0,1,1,0,0,0,0,0,0,0,0,0,1
1,2,0,0,0,0,0,0,0,0,0,1,1,0,0,0,0,0,0,0,0,0,1
1,2,0,0,0,0,0,0,0,0,0,1,1,0,0,0,0,0,0,0,0,0,1
1,2,0,0,0,0,0,0,3,1,1,2,2,0,0,0,0,0,1,1,0,0,1
1,2,0,0,0,1,0,0,5,1,1,2,2,1,0,0,0,0,2,1,0,1,1
1,2,11,1,1,10,7,0,71,48,4,9,5,4,0,6,3,6,11,4,1,1,2
1,2,0,0,0,0,0,0,0,0,0,1,1,0,0,0,0,0,0,0,0,0,1
1,2,0,0,0,0,0,0,0,0,0,1,1,0,0,0,0,0,0,0,0,0,1
1,2,0,0,0,0,0,0,5,1,1,2,2,1,0,0,0,0,2,1,0,1,1
1,2,5,0,1,4,1,1,59,33,4,9,5,4,0,4,1,6,11,4,0,1,2
1,2,5,0,1,5,1,0,59,33,4,9,5,4,0,4,1,6,11,4,0,1,2
1,2,0,0,1,1,0,0,5,1,1,2,2,1,0,0,0,0,2,1,0,1,1
1,2,5,0,0,5,2,0,71,47,4,9,5,4,0,6,3,6,11,4,1,1,2
1,2,0,0,0,1,0,0,5,1,1,2,2,1,0,0,0,0,2,1,0,1,1
1,2,0,0,0,1,0,0,3,1,1,2,2,0,0,0,0,0,1,1,0,0,1
1,2,3,0,0,0,0,0,0,0,0,1,1,0,0,0,0,0,0,0,0,0,1
1,2,1,0,0,1,1,0,11,7,2,4,3,1,0,1,1,2,3,1,1,0,2
1,2,0,0,0,0,0,0,5,1,1,2,2,1,0,0,0,0,2,1,0,1,1
1,2,0,0,0,0,0,0,0,0,0,1,1,0,0,0,0,0,0,0,0,0,1
1,2,0,0,0,0,0,0,0,0,0,1,1,0,0,0,0,0,0,0,0,0,1
1,2,0,0,0,0,0,0,0,0,0,1,1,0,0,0,0,0,0,0,0,0,1
1,2,0,0,0,0,0,0,3,1,1,2,2,0,0,0,0,0,1,1,0,0,1
1,2,0,0,0,0,0,0,5,1,1,2,2,1,0,0,0,0,2,1,0,1,1
1,2,0,0,0,0,0,0,0,0,0,1,1,0,0,0,0,0,0,0,0,0,1
1,2,1,0,0,1,0,0,11,6,2,4,3,1,0,1,1,2,3,1,1,0,2
1,2,0,0,0,0,0,0,0,0,0,1,1,0,0,0,0,0,0,0,0,0,1
1,2,0,0,0,0,0,0,0,0,0,1,1,0,0,0,0,0,0,0,0,0,1
1,2,0,0,0,0,0,0,0,0,0,1,1,0,0,0,0,0,0,0,0,0,1
1,2,5,1,0,4,3,0,71,48,4,9,5,4,0,6,3,6,11,4,1,1,2
1,2,1,0,0,1,0,1,11,6,2,4,3,1,0,1,1,2,3,1,1,0,2
1,2,0,0,0,0,0,0,0,0,0,1,1,0,0,0,0,0,0,0,0,0,1
1,2,0,0,1,1,0,0,3,1,1,2,2,0,0,0,0,0,1,1,0,0,1
1,2,0,0,0,0,0,0,5,1,1,2,2,1,0,0,0,0,2,1,0,1,1
1,2,1,0,0,1,0,0,11,6,2,4,3,1,0,1,1,2,3,1,1,0,2
1,2,0,0,0,0,0,0,0,0,0,1,1,0,0,0,0,0,0,0,0,0,1
1,2,0,0,0,0,0,0,3,1,1,2,2,0,0,0,0,0,1,1,0,0,1
1,2,0,0,0,1,0,0,5,1,1,2,2,1,0,0,0,0,2,1,0,1,1
1,2,0,0,0,0,0,0,0,0,0,1,1,0,0,0,0,0,0,0,0,0,1
1,2,0,0,0,0,0,0,0,0,0,1,1,0,0,0,0,0,0,0,0,0,1
1,2,0,0,0,0,0,0,0,0,0,1,1,0,0,0,0,0,0,0,0,0,1
1,2,0,0,0,0,0,0,0,0,0,1,1,0,0,0,0,0,0,0,0,0,1
1,2,0,0,0,0,0,0,0,0,0,1,1,0,0,0,0,0,0,0,0,0,1
1,2,0,0,0,0,0,0,0,0,0,1,1,0,0,0,0,0,0,0,0,0,1
1,2,0,0,0,0,0,0,0,0,0,1,1,0,0,0,0,0,0,0,0,0,1
1,2,1,0,1,1,0,0,11,7,2,4,3,1,0,1,1,2,3,1,1,0,2
1,2,0,0,0,0,0,0,0,0,0,1,1,0,0,0,0,0,0,0,0,0,1
1,2,0,0,0,0,0,0,0,0,0,1,1,0,0,0,0,0,0,0,0,0,1
1,2,0,0,0,0,0,0,0,0,0,1,1,0,0,0,0,0,0,0,0,0,1
1,2,0,0,0,0,0,0,5,1,1,2,2,1,0,0,0,0,2,1,0,1,1
1,2,1,1,0,0,0,0,11,7,2,4,3,1,0,1,1,2,3,1,1,0,2
1,2,0,0,0,0,0,0,3,1,1,2,2,0,0,0,0,0,1,1,0,0,1
1,2,1,0,0,1,1,0,11,9,2,4,3,1,0,1,1,2,3,1,1,0,2
1,2,0,0,0,1,0,0,5,1,1,2,2,1,0,0,0,0,2,1,0,1,1
1,2,0,0,0,0,0,0,0,0,0,1,1,0,0,0,0,0,0,0,0,0,1
1,2,2,2,0,1,0,0,11,7,2,4,3,1,0,1,1,2,3,1,1,0,2
1,2,0,0,0,0,0,0,0,0,0,1,1,0,0,0,0,0,0,0,0,0,1
1,2,5,0,0,4,3,0,71,47,4,9,5,4,0,6,3,6,11,4,1,1,2
1,2,1,0,0,0,0,0,3,1,1,2,2,0,0,0,0,0,1,1,0,0,1
1,2,4,0,1,5,1,0,71,48,4,9,5,4,0,6,3,6,11,4,1,1,2
1,2,3,0,1,3,2,0,59,33,4,9,5,4,0,4,1,6,11,4,0,1,2
1,2,2,0,0,1,0,0,5,1,1,2,2,1,0,0,0,0,2,1,0,1,1
1,2,0,0,0,1,0,0,5,1,1,2,2,1,0,0,0,0,2,1,0,1,1
1,2,4,0,1,1,0,0,5,1,1,2,2,1,0,0,0,0,2,1,0,1,1
1,2,0,0,0,0,0,0,0,0,0,1,1,0,0,0,0,0,0,0,0,0,1
1,2,0,0,0,1,0,0,11,7,2,4,3,1,0,1,1,2,3,1,1,0,2
2,2,0,0,0,0,0,0,0,0,0,1,1,0,0,0,0,0,0,0,0,0,1
2,2,0,0,0,0,0,0,0,0,0,1,1,0,0,0,0,0,0,0,0,0,1
2,2,0,0,0,0,0,0,0,0,0,1,1,0,0,0,0,0,0,0,0,0,1
2,2,1,0,0,1,1,0,79,45,3,4,3,1,1,6,5,4,7,5,4,0,4
2,2,0,0,0,1,1,0,14,6,2,4,3,1,1,0,0,2,4,2,0,1,2
2,2,0,0,0,0,0,0,5,1,1,2,2,1,0,0,0,0,2,1,0,1,1
2,2,0,0,0,0,0,0,17,12,3,4,3,1,1,0,0,2,5,2,0,0,3
2,2,1,0,0,1,0,0,109,47,4,7,4,2,1,6,4,4,10,4,5,0,5
2,2,0,0,0,1,1,0,14,1,2,2,2,1,1,0,0,2,4,2,0,2,2
2,2,5,0,0,5,4,0,300,119,4,9,5,6,4,12,10,7,15,7,11,1,4
2,2,1,0,0,1,1,0,24,20,2,4,3,1,1,2,2,3,4,2,2,0,3
2,2,2,1,0,2,1,0,83,43,5,9,5,4,1,4,2,6,13,4,1,1,4
2,2,0,0,0,0,0,0,0,0,0,1,1,0,0,0,0,0,0,0,0,0,1
2,2,6,1,0,6,3,0,464,269,4,9,5,4,2,15,12,8,17,8,17,1,4
2,2,12,0,0,11,6,0,349,264,6,21,7,5,1,10,5,11,34,8,1,1,6
2,2,19,0,0,18,11,1,817,542,6,18,7,6,6,18,13,15,40,13,6,1,6
2,2,0,0,0,1,0,0,5,1,1,2,2,1,0,0,0,0,2,1,0,1,1
2,2,0,0,0,0,0,0,11,7,2,4,3,1,0,1,1,2,3,1,1,0,2
2,2,0,0,0,0,0,0,0,0,0,1,1,0,0,0,0,0,0,0,0,0,1
2,2,0,0,0,0,0,0,19,6,1,3,2,1,0,1,0,2,4,3,0,1,3
2,2,0,0,0,0,0,0,11,7,2,4,3,1,0,1,1,2,3,1,1,0,2
2,2,0,0,0,1,1,0,48,30,2,5,3,1,1,1,1,5,6,2,4,0,5
2,2,37,0,0,37,30,0,2121,602,7,26,8,12,4,42,35,12,34,13,48,1,4
2,2,0,0,0,0,0,0,5,1,1,2,2,1,0,0,0,0,2,1,0,1,1
2,2,0,0,0,0,0,0,5,1,1,2,2,1,0,0,0,0,2,1,0,1,1
2,2,0,1,0,0,0,0,5,1,1,2,2,1,0,0,0,0,2,1,0,1,1
2,2,0,0,1,1,0,0,5,1,1,2,2,1,0,0,0,0,2,1,0,1,1
2,2,8,0,1,9,6,0,402,265,7,18,7,6,1,15,10,14,28,8,5,1,6
2,2,0,0,0,1,1,0,29,12,2,4,3,3,0,3,1,2,5,3,1,1,3
2,2,1,0,0,1,0,0,62,60,3,7,4,1,1,1,1,5,8,2,4,0,5
2,2,72,6,4,65,46,0,4084,854,9,37,9,7,4,56,50,21,44,14,76,1,10
2,2,0,0,0,0,0,0,14,8,2,4,3,2,0,2,1,2,4,2,0,1,2
2,2,14,0,0,14,8,0,990,378,7,26,8,8,1,23,17,13,36,8,18,1,4
2,2,2,0,0,2,0,0,96,61,4,7,4,2,3,4,3,4,9,6,3,0,5
2,2,0,0,0,0,0,0,0,0,0,1,1,0,0,0,0,0,0,0,0,0,1
2,2,0,0,0,0,0,0,0,0,0,1,1,0,0,0,0,0,0,0,0,0,1
2,2,0,0,0,0,0,0,0,0,0,1,1,0,0,0,0,0,0,0,0,0,1
2,2,6,0,1,7,5,0,329,248,6,18,7,7,0,13,7,15,32,8,1,1,6
2,2,0,0,0,0,0,0,0,0,0,1,1,0,0,0,0,0,0,0,0,0,1
2,2,3,0,0,3,2,0,139,98,6,14,6,6,1,6,3,8,19,5,1,1,6
2,2,0,0,0,0,0,0,0,0,0,1,1,0,0,0,0,0,0,0,0,0,1
2,2,0,0,0,0,0,0,15,4,1,2,2,2,0,2,1,0,3,2,1,1,2
2,2,1,0,0,1,1,0,53,37,4,7,4,2,1,4,3,6,8,3,2,0,5
2,2,0,0,0,1,0,0,35,24,2,5,3,1,1,1,1,4,5,2,3,0,5
2,2,0,0,0,0,0,0,19,7,1,3,2,1,0,1,0,2,4,3,0,1,3
2,2,5,0,0,5,4,0,359,191,6,22,7,7,1,15,10,10,23,7,7,1,8
2,2,3,0,1,3,2,0,146,101,5,14,6,5,0,8,4,8,20,5,1,1,6
2,2,0,0,0,0,0,0,5,1,1,2,2,1,0,0,0,0,2,1,0,1,1
2,2,0,0,0,1,0,0,17,7,2,4,3,1,0,1,0,2,5,2,0,1,3
2,2,0,0,0,0,0,0,5,1,1,2,2,1,0,0,0,0,2,1,0,1,1
2,2,1,0,0,1,1,0,55,29,4,7,4,1,2,3,3,4,7,3,3,0,5
2,2,0,1,0,0,0,0,0,0,0,1,1,0,0,0,0,0,0,0,0,0,1
2,2,0,0,0,0,0,0,0,0,0,1,1,0,0,0,0,0,0,0,0,0,1
2,2,0,0,0,1,1,0,11,3,1,2,2,1,0,1,0,1,3,2,0,1,2
2,2,0,0,0,0,0,0,19,12,2,4,3,2,0,3,2,2,4,2,1,0,3
2,2,0,0,0,0,0,0,5,1,1,2,2,1,0,0,0,0,2,1,0,1,1
2,2,0,1,0,0,0,0,35,12,2,4,3,2,0,5,3,3,5,3,2,1,3
2,2,0,0,0,1,0,0,29,17,3,4,3,1,1,1,1,2,5,2,2,0,3
2,2,0,0,0,0,0,0,0,0,0,1,1,0,0,0,0,0,0,0,0,0,1
2,2,0,0,1,1,0,0,39,13,4,4,3,1,2,2,2,3,7,3,1,0,4
2,2,0,0,0,0,0,0,19,4,1,3,2,1,0,1,0,2,4,3,0,1,3
2,2,0,0,0,0,0,0,5,1,1,2,2,1,0,0,0,0,2,1,0,1,1
2,2,0,0,0,1,1,0,14,10,2,4,3,2,0,1,1,2,4,1,1,0,3
2,2,0,0,0,0,0,0,5,1,1,2,2,1,0,0,0,0,2,1,0,1,1
2,2,0,0,0,0,0,0,34,11,2,4,3,2,0,3,1,2,6,3,1,1,3
2,2,0,0,0,1,0,0,11,7,2,4,3,1,0,1,1,2,3,1,1,0,2
2,2,0,0,0,0,0,0,11,4,1,2,2,1,0,2,1,1,3,2,0,1,2
2,2,2,0,0,2,0,0,108,99,3,7,4,3,0,7,5,6,10,4,5,0,5
2,2,2,0,0,0,0,0,0,0,0,1,1,0,0,0,0,0,0,0,0,0,1
2,2,0,0,0,0,0,0,0,0,0,1,1,0,0,0,0,0,0,0,0,0,1
2,2,0,0,0,1,0,0,5,1,1,2,2,1,0,0,0,0,2,1,0,1,1
2,2,0,0,0,0,0,0,11,1,2,2,2,0,1,0,0,2,3,2,0,1,2
2,2,0,0,0,0,0,0,0,0,0,1,1,0,0,0,0,0,0,0,0,0,1
2,2,0,0,0,0,0,0,0,0,0,1,1,0,0,0,0,0,0,0,0,0,1
2,2,0,0,0,0,0,0,5,1,1,2,2,1,0,0,0,0,2,1,0,1,1
2,2,0,0,0,0,0,0,5,1,1,2,2,1,0,0,0,0,2,1,0,1,1
2,2,0,0,0,0,0,0,8,4,1,2,2,0,0,1,1,1,2,1,1,0,2
2,2,0,0,0,1,0,0,27,19,2,4,3,2,0,2,1,3,6,2,1,0,3
2,2,0,0,0,0,0,0,5,1,1,2,2,1,0,0,0,0,2,1,0,1,1
2,2,0,0,1,1,0,0,14,8,2,4,3,2,0,1,0,2,4,2,0,1,2
2,2,0,1,0,0,0,0,29,15,3,4,3,1,1,1,1,2,5,2,2,0,3
2,2,0,0,0,1,0,0,17,9,2,4,3,1,0,2,1,2,5,2,0,1,3
2,2,3,1,1,3,0,0,197,109,6,16,6,4,2,11,8,8,17,6,4,1,6
2,2,0,0,0,0,0,0,0,0,0,1,1,0,0,0,0,0,0,0,0,0,1
2,2,35,11,0,24,18,0,1857,797,7,33,8,10,6,29,22,18,51,14,21,1,10
2,2,0,0,0,1,1,0,11,1,2,2,2,0,1,0,0,2,3,2,0,1,2
2,2,0,0,0,0,0,0,5,1,1,2,2,1,0,0,0,0,2,1,0,1,1
2,2,0,0,0,0,0,0,5,1,1,2,2,1,0,0,0,0,2,1,0,1,1
2,2,40,2,0,39,26,0,1941,941,9,56,10,10,1,16,7,24,78,17,7,1,14
2,2,0,0,0,0,0,0,3,1,1,2,2,0,0,0,0,0,1,1,0,0,1
2,2,0,0,0,0,0,0,0,0,0,1,1,0,0,0,0,0,0,0,0,0,1
2,2,0,0,0,0,0,0,0,0,0,1,1,0,0,0,0,0,0,0,0,0,1
2,2,21,1,0,21,14,0,1595,779,7,28,8,7,4,23,17,18,49,13,18,1,8
2,2,0,0,0,0,0,0,8,4,1,2,2,0,0,1,1,1,2,1,1,0,2
2,2,0,0,0,0,0,0,19,11,2,4,3,1,1,2,2,2,3,2,2,0,3
2,2,0,0,0,0,0,0,5,1,1,2,2,1,0,0,0,0,2,1,0,1,1
2,2,0,0,0,0,0,0,0,0,0,1,1,0,0,0,0,0,0,0,0,0,1
2,2,0,0,0,1,0,0,23,12,3,4,3,1,1,2,2,3,5,2,1,0,3
2,2,0,0,0,0,0,0,0,0,0,1,1,0,0,0,0,0,0,0,0,0,1
2,2,0,0,0,0,0,0,0,0,0,1,1,0,0,0,0,0,0,0,0,0,1
3,2,0,0,0,1,0,0,55,26,2,4,3,4,0,5,3,3,7,4,2,1,5
3,2,14,1,0,14,10,0,1176,504,7,22,7,11,2,28,22,13,35,12,20,1,12
3,2,0,0,0,0,0,0,0,0,0,1,1,0,0,0,0,0,0,0,0,0,1
3,2,0,0,0,0,0,0,5,1,1,2,2,1,0,0,0,0,2,1,0,1,1
3,2,6,0,0,6,3,0,510,484,4,13,5,5,0,14,9,10,26,11,7,1,6
3,2,2,0,0,0,0,0,5,1,1,2,2,1,0,0,0,0,2,1,0,1,1
3,2,23,17,0,7,5,0,637,265,8,22,7,7,2,18,13,10,28,8,13,1,12
3,2,0,0,0,1,0,0,47,19,2,4,3,3,0,4,2,4,7,3,2,1,4
3,2,43,0,2,42,13,1,1788,734,8,26,8,12,6,26,19,13,45,14,24,1,4
3,2,18,0,0,0,0,0,14,2,1,2,2,2,0,1,0,1,4,2,0,1,3
3,2,0,0,0,0,0,0,5,1,1,2,2,1,0,0,0,0,2,1,0,1,1
3,2,0,0,0,1,0,0,39,15,2,4,3,1,2,1,0,4,7,4,0,1,4
3,2,0,0,0,1,1,0,41,24,2,4,3,2,0,5,3,3,5,3,3,0,4
3,2,179,17,2,151,101,10,5735,4011,14,116,14,13,2,43,31,30,136,36,5,1,27
3,2,6,1,0,5,3,0,376,162,5,13,5,4,2,12,9,8,20,8,9,1,9
3,2,0,0,1,1,0,0,11,3,1,2,2,1,0,1,0,1,3,2,0,1,2
3,2,0,0,0,1,0,0,14,6,2,4,3,2,0,2,1,2,4,2,0,1,2
3,2,0,0,0,0,0,0,19,5,1,3,2,1,0,1,0,2,4,3,0,1,3
3,2,2472,24,0,2447,1951,1,57351,11639,13,94,13,27,5,279,259,35,147,41,348,1,24
3,2,0,0,0,0,0,0,0,0,0,1,1,0,0,0,0,0,0,0,0,0,1
3,2,36,2,0,34,28,0,3068,797,8,29,8,13,7,60,54,12,40,14,62,1,15
3,2,0,0,0,1,0,0,29,12,3,4,3,1,2,1,1,2,5,3,1,0,4
3,2,68,3,0,50,39,16,1327,993,11,72,11,7,3,16,9,20,82,12,3,1,18
3,2,180,8,0,169,122,2,8287,5193,11,83,11,23,8,54,37,22,97,32,52,1,24
3,2,0,0,0,0,0,0,35,20,2,4,3,2,0,4,3,3,5,2,3,0,3
3,2,0,0,0,0,0,0,0,0,0,1,1,0,0,0,0,0,0,0,0,0,1
3,2,3,0,0,3,1,0,183,133,5,14,6,6,0,10,5,9,22,6,1,1,6
3,2,62,1,0,60,17,1,2202,846,8,44,9,10,2,22,14,16,53,20,20,1,15
3,2,0,0,0,0,0,0,27,17,2,4,3,2,0,2,1,3,6,2,1,0,5
3,2,8,0,0,8,6,0,910,364,7,21,7,10,1,17,12,10,28,10,21,1,9
3,2,110,1,0,108,68,1,7864,1725,12,49,11,10,2,58,50,18,63,24,98,1,9
3,2,0,0,0,0,0,0,0,0,0,1,1,0,0,0,0,0,0,0,0,0,1
3,2,28,1,0,28,19,0,2319,925,7,18,7,8,1,36,30,21,51,15,29,1,9
3,2,95,1,0,92,68,2,5486,1753,8,26,8,15,0,76,61,13,49,18,91,1,12
3,2,0,0,0,1,0,0,29,13,2,4,3,2,1,1,0,3,5,4,0,1,4
3,2,0,0,0,1,1,0,11,4,1,2,2,1,0,2,1,1,3,2,0,1,2
3,2,0,0,0,1,1,0,29,13,1,2,2,1,1,4,3,2,4,3,2,1,3
3,2,0,0,0,0,0,0,29,17,1,2,2,1,1,4,3,2,4,3,2,1,3
3,2,3,0,0,2,2,1,319,94,4,9,5,1,4,9,8,8,19,6,9,1,6
3,2,8,0,0,7,4,0,605,267,7,18,7,11,2,16,11,14,31,13,5,1,6
3,2,118,10,0,109,88,0,5743,2249,7,19,7,11,4,76,69,22,53,16,90,1,9
3,2,0,0,0,0,0,0,14,3,2,2,2,1,1,0,0,2,4,2,0,1,2
3,2,269,8,2,260,173,0,9865,3359,12,103,12,23,12,62,43,31,120,36,45,1,21
3,2,0,0,0,0,0,0,0,0,0,1,1,0,0,0,0,0,0,0,0,0,1
3,2,23,0,0,21,14,2,1588,746,8,41,9,8,1,25,17,17,56,11,16,1,12
3,2,0,0,0,0,0,0,0,0,0,1,1,0,0,0,0,0,0,0,0,0,1
3,2,0,0,0,0,0,0,59,35,1,3,2,2,0,6,5,2,5,3,6,0,5
3,2,509,5,0,503,367,1,16511,6291,11,72,12,11,3,92,81,31,98,24,142,1,18
3,2,1,0,1,1,0,0,79,26,4,4,3,1,3,2,2,4,9,5,2,2,4
3,2,147,5,1,139,100,2,8533,3008,12,69,12,19,6,72,56,25,89,32,62,1,18
3,2,0,0,0,0,0,0,41,24,1,3,2,1,1,3,2,3,5,4,2,1,4
3,2,0,0,0,0,0,0,11,2,1,2,2,1,0,1,0,1,3,2,0,1,2
3,2,0,0,0,0,0,0,89,40,3,4,3,3,1,5,4,4,9,3,5,0,5
3,2,1,0,0,1,0,0,119,67,4,7,4,2,1,5,4,5,11,4,5,0,5
3,2,0,0,0,0,0,0,0,0,0,1,1,0,0,0,0,0,0,0,0,0,1
3,2,12,0,0,0,0,0,5,1,1,2,2,1,0,0,0,0,2,1,0,1,1
3,2,0,0,0,0,0,0,0,0,0,1,1,0,0,0,0,0,0,0,0,0,1
3,2,5,0,0,0,0,0,0,0,0,1,1,0,0,0,0,0,0,0,0,0,1
3,2,1,0,0,0,0,0,14,3,1,2,2,2,0,1,0,1,4,2,0,1,3
3,2,0,0,0,0,0,0,0,0,0,1,1,0,0,0,0,0,0,0,0,0,1
3,2,62,0,0,61,50,1,4725,1020,7,33,8,8,0,63,56,19,42,13,96,1,15
3,2,0,0,0,1,0,0,34,14,3,4,3,2,1,1,1,2,6,2,2,0,4
3,2,0,0,0,0,0,0,5,1,1,2,2,1,0,0,0,0,2,1,0,1,1
3,2,0,0,0,0,0,0,15,10,1,3,2,0,0,1,1,2,3,1,2,0,3
3,2,0,0,0,0,0,0,0,0,0,1,1,0,0,0,0,0,0,0,0,0,1
3,2,265,1,1,259,208,0,12211,2214,17,43,10,11,5,69,62,21,100,17,103,1,9
3,2,12944,28,1,12912,10849,2,172458,23108,16,191,17,16,1,391,375,50,290,49,543,1,12
3,2,0,0,0,0,0,0,24,4,2,2,2,1,1,2,2,2,4,2,2,0,3
3,2,44,1,1,43,33,0,1907,858,10,23,7,8,8,11,4,24,105,17,0,1,9
3,2,1728,9,2,1701,1220,18,46131,8340,15,197,16,19,2,162,144,32,181,45,208,1,21
3,2,495,21,2,471,334,3,11019,4827,18,202,18,49,3,81,50,60,189,35,22,1,18
3,2,15,1,0,14,9,1,874,475,8,26,8,8,5,14,7,19,54,13,2,1,4
3,2,0,0,0,0,0,0,0,0,0,1,1,0,0,0,0,0,0,0,0,0,1
3,2,0,0,0,0,0,0,0,0,0,1,1,0,0,0,0,0,0,0,0,0,1
3,2,0,0,0,0,0,0,0,0,0,1,1,0,0,0,0,0,0,0,0,0,1
3,2,0,0,0,0,0,0,5,1,1,2,2,1,0,0,0,0,2,1,0,1,1
3,2,6,0,0,5,4,0,469,271,6,21,7,7,1,15,9,12,27,9,7,1,9
3,2,4186,12,3,4169,3118,4,90654,19238,17,218,18,44,21,213,192,39,247,51,316,1,15
3,2,1118,17,2,1097,718,4,34380,10733,16,175,17,32,2,83,68,60,296,33,82,1,24
3,2,3,0,1,3,1,0,227,124,4,7,4,3,3,7,6,6,13,8,8,0,8
3,2,0,0,0,0,0,0,0,0,0,1,1,0,0,0,0,0,0,0,0,0,1
3,2,0,0,0,0,0,0,5,1,1,2,2,1,0,0,0,0,2,1,0,1,1
3,2,0,0,0,0,0,0,0,0,0,1,1,0,0,0,0,0,0,0,0,0,1
3,2,0,0,0,0,0,0,44,26,1,3,2,1,0,6,5,2,4,3,5,0,4
3,2,173,1,0,170,140,0,8926,2524,9,47,10,8,3,59,48,18,73,24,96,1,12
3,2,0,0,0,1,0,0,61,34,2,4,3,4,0,5,2,2,6,4,4,0,5
3,2,0,0,1,1,0,0,59,46,2,5,3,2,2,1,1,5,7,3,4,0,7
3,2,1,0,0,1,1,0,131,46,4,4,3,2,3,4,3,4,10,5,6,1,5
3,2,0,0,1,1,0,0,34,16,3,4,3,2,1,2,1,2,6,3,1,1,3
3,2,0,0,0,0,0,0,0,0,0,1,1,0,0,0,0,0,0,0,0,0,1
3,2,12,0,0,12,8,0,1147,522,7,19,7,8,4,23,19,14,31,12,23,1,9
3,2,3,0,0,4,4,0,279,114,4,9,5,9,0,12,5,12,19,8,5,1,6
3,2,0,0,0,0,0,0,15,7,1,2,2,2,0,2,1,0,3,2,1,0,3
3,2,0,0,0,0,0,0,11,1,2,2,2,0,1,0,0,2,3,2,0,1,2
3,2,0,0,0,0,0,0,11,2,1,2,2,1,0,1,0,1,3,2,0,1,2
3,2,683,20,1,661,532,1,17762,5737,12,100,13,33,2,104,86,31,112,42,115,1,30
3,2,0,0,0,0,0,0,0,0,0,1,1,0,0,0,0,0,0,0,0,0,1
3,2,114,1,3,112,78,0,5592,2261,9,46,10,15,2,42,34,29,90,20,41,1,9
3,2,1,0,0,2,1,0,95,68,3,4,3,3,1,3,2,4,11,4,3,0,6
3,2,0,0,0,1,0,0,24,14,2,4,3,1,1,1,1,2,4,2,2,0,3
4,2,3,0,0,0,0,0,0,0,0,1,1,0,0,0,0,0,0,0,0,0,1
4,2,1,0,1,1,0,0,5,1,1,2,2,1,0,0,0,0,2,1,0,1,1
4,2,0,0,0,0,0,0,5,1,1,2,2,1,0,0,0,0,2,1,0,1,1
4,2,1,1,0,0,0,0,0,0,0,1,1,0,0,0,0,0,0,0,0,0,1
4,2,4,0,1,3,1,0,71,13,3,4,3,1,3,3,3,2,5,6,5,1,4
4,2,0,0,0,0,0,0,0,0,0,1,1,0,0,0,0,0,0,0,0,0,1
4,2,0,0,0,0,0,0,0,0,0,1,1,0,0,0,0,0,0,0,0,0,1
4,2,0,0,0,0,0,0,0,0,0,1,1,0,0,0,0,0,0,0,0,0,1
4,2,0,0,0,0,0,0,0,0,0,1,1,0,0,0,0,0,0,0,0,0,1
4,2,308,6,3,275,153,17,6524,2513,10,59,11,14,1,37,25,30,114,23,33,1,24
4,2,9,0,0,3,2,0,71,32,2,4,3,4,0,7,6,3,7,3,5,0,6
4,2,2032,18,20,2005,1442,8,41971,27021,11,77,11,11,2,111,101,40,183,32,196,1,28
4,2,2,0,1,1,0,0,47,24,2,4,3,2,0,7,5,3,5,3,4,0,5
4,2,651227,9522,44,641554,462738,106,2301570,180864,46,2217,46,134,41,1050,1001,91,1215,136,1756,1,148
4,2,1,0,0,1,0,0,11,3,1,2,2,1,0,1,0,1,3,2,0,1,2
4,2,392,7,1,383,301,0,13172,4416,11,70,11,27,2,98,78,23,120,25,83,1,21
4,2,15190,44,2,15138,12475,5,188665,35275,16,154,16,16,17,594,579,32,178,74,981,1,40
4,2,0,0,0,0,0,0,0,0,0,1,1,0,0,0,0,0,0,0,0,0,1
4,2,2,0,0,2,1,0,208,163,2,4,2,2,2,8,7,6,13,6,8,0,8
4,2,41,3,1,36,25,0,2787,978,9,35,9,8,4,44,38,21,48,14,42,1,20
4,2,0,0,0,0,0,0,11,2,1,2,2,1,0,1,0,1,3,2,0,1,2
4,2,Timeout,Timeout,Timeout,Timeout,Timeout,Timeout,Timeout,Timeout,Timeout,Timeout,Timeout,Timeout,Timeout,Timeout,Timeout,Timeout,Timeout,Timeout,Timeout,Timeout,Timeout
4,2,260,11,0,238,162,1,11547,6449,14,101,13,23,4,39,31,26,159,27,45,1,24
4,2,129,9,3,120,83,1,6883,2562,10,54,11,23,0,66,48,34,105,28,36,1,24
4,2,2229,23,3,2073,1672,14,62995,9834,17,162,16,16,8,187,174,30,163,47,337,1,36
4,2,94,9,1,85,63,0,7654,1628,10,46,10,9,4,62,55,16,59,26,101,1,9
4,2,1,0,0,1,1,0,98,37,2,3,2,3,1,7,6,3,8,4,6,0,7
4,2,2,0,0,2,2,0,148,93,2,6,3,1,5,4,3,9,14,8,1,1,8
4,2,50,6,0,44,33,0,2640,1661,8,33,8,13,3,28,21,26,76,21,13,1,20
4,2,0,0,0,0,0,0,0,0,0,1,1,0,0,0,0,0,0,0,0,0,1
4,2,0,0,0,0,0,0,0,0,0,1,1,0,0,0,0,0,0,0,0,0,1
4,2,0,0,0,0,0,0,24,4,2,2,2,1,1,2,1,2,4,3,1,1,3
4,2,3244,33,4,3209,2676,0,77386,11837,15,58,9,20,20,168,152,38,229,56,280,1,36
4,2,0,0,0,0,0,0,14,2,1,2,2,2,0,1,0,1,4,2,0,1,3
4,2,39,2,0,38,24,0,2684,1487,7,29,8,7,3,30,24,23,70,18,19,1,12
4,2,8,1,1,8,6,0,666,279,7,18,6,7,4,18,13,10,28,10,12,1,16
4,2,17,1,1,15,9,0,1312,502,6,21,6,5,2,27,22,13,32,11,28,1,16
4,2,625766,2980,30,622740,522449,32,1496091,236353,33,1183,34,101,2,1598,1560,80,787,211,1687,1,104
4,2,2143,797,4,1328,834,11,33807,17767,27,390,26,46,4,80,57,60,376,51,38,1,72
4,2,2240,93,14,2141,1585,4,50178,7794,15,172,16,22,1,285,256,32,146,45,297,1,44
4,2,2,0,0,2,0,0,142,46,4,7,4,4,3,5,4,5,12,5,5,1,8
4,2,3054,112,3,2924,1879,14,52975,17873,25,473,25,62,24,100,75,60,408,52,77,1,36
4,2,6273,118,6,6136,3991,12,110888,23006,26,456,27,69,12,156,131,56,474,74,159,1,56
4,2,1,1,0,1,0,0,109,33,2,5,3,3,1,6,3,6,9,7,3,1,7
4,2,866,53,2,779,535,6,20825,7495,19,241,19,48,2,77,59,49,245,35,49,1,36
4,2,1,0,0,1,1,0,39,16,2,4,3,2,1,2,1,5,7,3,1,1,6
4,2,0,0,0,0,0,0,0,0,0,1,1,0,0,0,0,0,0,0,0,0,1
4,2,181,11,1,166,99,2,9495,3877,13,74,12,11,3,35,25,41,128,24,49,1,24
4,2,Timeout,Timeout,Timeout,Timeout,Timeout,Timeout,Timeout,Timeout,Timeout,Timeout,Timeout,Timeout,Timeout,Timeout,Timeout,Timeout,Timeout,Timeout,Timeout,Timeout,Timeout
4,2,136,5,1,129,114,1,4255,886,7,33,8,16,1,57,43,21,53,17,61,1,20
4,2,0,1,0,0,0,0,0,0,0,1,1,0,0,0,0,0,0,0,0,0,1
4,2,Timeout,Timeout,Timeout,Timeout,Timeout,Timeout,Timeout,Timeout,Timeout,Timeout,Timeout,Timeout,Timeout,Timeout,Timeout,Timeout,Timeout,Timeout,Timeout,Timeout,Timeout
4,2,1,0,1,1,0,0,63,49,2,3,2,0,2,4,4,4,7,3,4,0,6
4,2,4025,730,3,3029,2513,10,41014,23299,25,516,26,95,1,95,59,81,532,50,26,1,64
4,2,1,0,0,1,1,0,91,46,3,4,3,4,1,7,5,3,9,4,5,0,7
4,2,1,0,0,1,1,0,175,110,3,4,3,4,1,8,5,6,12,5,8,0,7
4,2,36916,176,2,36737,29939,2,272137,36394,20,190,20,50,15,562,541,37,229,59,1126,1,40
4,2,1,0,0,2,1,0,98,106,2,5,3,3,1,7,6,5,8,5,5,0,8
4,2,0,0,0,0,0,0,0,0,0,1,1,0,0,0,0,0,0,0,0,0,1
4,2,4,1,0,3,1,0,523,208,5,11,5,4,4,10,9,8,21,6,17,0,13
4,2,3,0,0,3,3,0,363,141,4,7,4,5,3,15,13,8,13,8,18,0,10
4,2,1,0,0,1,0,0,24,5,2,4,3,1,2,0,0,2,4,4,0,1,3
4,2,0,0,0,0,0,0,5,1,1,2,2,1,0,0,0,0,2,1,0,1,1
4,2,1,0,0,1,1,0,126,53,5,6,3,3,3,3,3,6,15,4,3,0,10
4,2,267852,32,4,267789,241230,9,985498,87821,27,367,26,37,24,1404,1394,48,379,169,2451,1,28
4,2,27178,14,7,27161,25255,2,234418,19777,21,223,18,46,4,784,740,33,218,53,1025,1,27
4,2,8172,44,4,8120,4582,7,202590,23886,30,250,22,53,19,128,106,42,386,46,477,1,44
4,2,459,42,1,395,280,5,6499,5119,19,312,20,21,0,41,21,42,249,22,3,1,45
4,2,0,0,0,0,0,0,5,1,1,2,2,1,0,0,0,0,2,1,0,1,1
4,2,5,0,2,5,2,0,196,108,5,9,5,6,3,8,5,7,19,7,2,1,6
4,2,0,0,0,0,0,0,0,0,0,1,1,0,0,0,0,0,0,0,0,0,1
4,2,1,0,0,0,0,0,14,1,2,2,2,1,1,0,0,2,4,2,0,1,2
4,2,1,0,0,1,0,0,121,62,1,3,2,5,0,9,7,2,8,6,8,0,8
4,2,12932,55,4,12836,9836,38,149588,18473,28,479,26,69,5,365,322,72,377,50,345,1,24
4,2,1,0,0,1,0,0,118,63,5,7,4,2,3,3,2,6,16,5,1,1,7
4,2,13827,6496,21,7291,5132,22,61823,48233,31,846,32,92,1,72,41,116,965,61,2,1,108
4,2,0,0,0,0,0,0,5,1,1,2,2,1,0,0,0,0,2,1,0,1,1
4,2,7,1,0,7,4,0,639,314,6,22,7,9,1,17,13,11,33,8,10,1,16
4,2,694,29,2,660,418,3,11372,6032,15,143,16,36,2,65,43,37,227,25,24,1,32
4,2,541,6,1,529,357,0,17108,4729,11,70,11,19,3,108,90,22,100,24,145,1,18
4,2,713845,5552,5,708258,634844,26,2304614,205586,19,679,20,66,38,1954,1898,111,817,114,2705,1,76
4,2,1,0,1,1,0,0,78,27,2,3,2,2,1,4,3,7,9,4,3,1,5
4,2,1853,128,2,1722,1282,3,42398,11290,14,149,15,40,2,178,151,43,192,42,177,1,48
4,2,55,10,1,43,28,2,2961,997,8,47,9,18,2,37,30,22,61,18,29,1,24
4,2,5398,24,1,5372,4580,3,92513,23909,14,144,14,15,4,337,323,28,151,63,546,1,44
4,2,0,0,0,1,0,0,39,18,3,4,3,3,2,2,2,4,7,3,1,0,6
4,2,11186,678,1,10493,8051,12,166159,43122,26,469,25,61,4,195,163,72,687,61,180,1,72
4,2,1,0,0,1,1,0,141,93,2,6,3,4,1,8,6,4,10,6,6,0,9
4,2,0,0,0,0,0,0,0,0,0,1,1,0,0,0,0,0,0,0,0,0,1
4,2,0,0,0,0,0,0,41,12,2,4,3,1,1,2,1,4,6,3,2,1,5
4,2,9,0,0,9,5,0,809,340,8,19,7,7,2,19,15,10,32,10,14,1,12
4,2,0,0,0,0,0,0,0,0,0,1,1,0,0,0,0,0,0,0,0,0,1
4,2,2,0,0,1,0,0,87,22,4,4,3,2,2,4,3,5,10,5,2,2,6
4,2,4108,468,3,3636,2546,4,76472,20382,18,265,18,67,3,201,153,62,236,83,240,1,60
4,2,9,1,0,8,4,0,417,221,7,22,7,11,1,15,10,12,29,9,4,1,16
4,2,1,0,0,1,0,0,59,54,4,7,4,1,3,2,2,5,9,4,1,0,5
4,2,29,1,0,28,10,0,1222,539,6,28,7,6,3,24,19,14,40,10,19,1,15
4,2,16308,30,2,16244,12929,5,205367,24682,17,187,17,33,1,325,307,51,342,35,563,1,20
4,2,778,54,0,723,559,1,23087,5610,13,81,13,23,2,94,81,40,141,25,137,1,36
4,2,Timeout,Timeout,Timeout,Timeout,Timeout,Timeout,Timeout,Timeout,Timeout,Timeout,Timeout,Timeout,Timeout,Timeout,Timeout,Timeout,Timeout,Timeout,Timeout,Timeout,Timeout
5,2,454,7,2,433,301,9,14421,3209,9,44,10,12,8,75,66,27,84,24,145,1,16
5,2,Timeout,Timeout,Timeout,Timeout,Timeout,Timeout,Timeout,Timeout,Timeout,Timeout,Timeout,Timeout,Timeout,Timeout,Timeout,Timeout,Timeout,Timeout,Timeout,Timeout,Timeout
5,2,4,0,1,3,1,0,195,230,4,4,3,3,4,6,6,7,13,6,8,0,9
5,2,Timeout,Timeout,Timeout,Timeout,Timeout,Timeout,Timeout,Timeout,Timeout,Timeout,Timeout,Timeout,Timeout,Timeout,Timeout,Timeout,Timeout,Timeout,Timeout,Timeout,Timeout
5,2,Error,Error,Error,Error,Error,Error,Error,Error,Error,Error,Error,Error,Error,Error,Error,Error,Error,Error,Error,Error,Error
5,2,Timeout,Timeout,Timeout,Timeout,Timeout,Timeout,Timeout,Timeout,Timeout,Timeout,Timeout,Timeout,Timeout,Timeout,Timeout,Timeout,Timeout,Timeout,Timeout,Timeout,Timeout
5,2,1,0,0,1,0,0,65,26,2,4,3,1,3,1,0,6,10,5,0,1,5
5,2,117,3,1,113,71,0,2981,1595,6,24,7,20,3,49,36,17,54,26,28,1,20
5,2,27,0,0,4,2,0,217,84,3,7,4,8,0,10,7,4,13,6,9,0,11
5,2,1,0,0,1,1,0,106,104,2,4,3,7,1,5,3,4,10,4,5,0,10
5,2,1,0,0,1,1,0,41,8,2,2,2,2,1,4,3,3,6,3,2,1,4
5,2,0,1,0,0,0,0,0,0,0,1,1,0,0,0,0,0,0,0,0,0,1
5,2,978,102,1,790,669,2,26544,4970,13,81,13,25,1,158,143,38,129,33,171,1,45
5,2,32,4,0,27,21,1,1670,1057,8,25,8,15,3,24,14,25,65,18,7,1,20
5,2,3,0,0,3,1,0,165,69,5,12,5,2,2,2,1,8,20,6,1,1,9
5,2,3,0,0,3,2,0,353,329,3,6,3,3,4,8,7,5,16,9,11,0,11
5,2,324,106,1,214,155,4,10329,3589,14,132,14,27,14,51,49,26,139,20,53,1,55
5,2,Timeout,Timeout,Timeout,Timeout,Timeout,Timeout,Timeout,Timeout,Timeout,Timeout,Timeout,Timeout,Timeout,Timeout,Timeout,Timeout,Timeout,Timeout,Timeout,Timeout,Timeout
5,2,1775,6,1,1720,1437,1,33992,8448,11,67,12,21,2,295,276,22,93,40,321,1,24
5,2,0,0,0,0,0,0,0,0,0,1,1,0,0,0,0,0,0,0,0,0,1
5,2,0,0,0,1,0,0,62,33,4,4,3,0,2,1,1,5,8,3,3,0,6
5,2,2817,7,2,2807,1754,0,71302,25075,16,100,15,25,8,180,162,29,179,50,347,1,24
5,2,120,38,1,80,59,3,2319,1712,13,112,14,41,1,25,14,26,129,15,2,1,36
5,2,0,0,0,0,0,0,5,1,1,2,2,1,0,0,0,0,2,1,0,1,1
5,2,12,0,0,11,8,0,1512,641,4,11,5,5,4,26,23,8,20,14,58,0,16
5,2,0,0,0,0,0,0,5,1,1,2,2,1,0,0,0,0,2,1,0,1,1
5,2,13,2,1,11,6,0,785,383,7,25,8,16,1,13,6,18,39,13,6,1,20
5,2,10,1,1,9,7,0,1070,283,6,22,7,11,1,27,21,10,28,10,26,1,20
5,2,0,0,0,0,0,0,0,0,0,1,1,0,0,0,0,0,0,0,0,0,1
5,2,Timeout,Timeout,Timeout,Timeout,Timeout,Timeout,Timeout,Timeout,Timeout,Timeout,Timeout,Timeout,Timeout,Timeout,Timeout,Timeout,Timeout,Timeout,Timeout,Timeout,Timeout
5,2,19,0,0,16,15,0,265,131,3,6,3,5,2,10,8,7,17,6,8,0,10
5,2,2,0,0,3,1,0,139,76,2,3,2,3,1,9,6,4,9,6,7,0,8
5,2,18,0,0,2,1,0,254,80,6,4,3,2,4,10,10,5,14,8,8,0,8
5,2,16,0,0,0,0,0,0,0,0,1,1,0,0,0,0,0,0,0,0,0,1
5,2,0,0,0,0,0,0,0,0,0,1,1,0,0,0,0,0,0,0,0,0,1
5,2,1,0,0,0,0,0,5,1,1,2,2,1,0,0,0,0,2,1,0,1,1
5,2,0,0,0,0,0,0,0,0,0,1,1,0,0,0,0,0,0,0,0,0,1
5,2,1,0,0,2,1,0,137,47,2,4,3,6,1,8,6,2,9,6,7,0,9
5,2,Timeout,Timeout,Timeout,Timeout,Timeout,Timeout,Timeout,Timeout,Timeout,Timeout,Timeout,Timeout,Timeout,Timeout,Timeout,Timeout,Timeout,Timeout,Timeout,Timeout,Timeout
5,2,243,5,0,238,174,0,8478,6110,12,33,9,19,13,46,33,35,139,31,29,1,16
5,2,3,0,1,3,1,0,328,352,5,7,4,2,3,6,5,7,20,6,9,0,10
5,2,1,0,0,1,1,0,71,32,3,4,3,4,1,4,3,3,8,3,4,0,7
5,2,1,0,0,1,1,0,95,49,1,3,2,3,0,8,7,3,7,4,7,0,7
5,2,6413,407,7,5816,4502,5,63818,32996,21,344,22,53,3,102,61,81,697,82,9,1,56
5,2,Timeout,Timeout,Timeout,Timeout,Timeout,Timeout,Timeout,Timeout,Timeout,Timeout,Timeout,Timeout,Timeout,Timeout,Timeout,Timeout,Timeout,Timeout,Timeout,Timeout,Timeout
5,2,0,0,0,0,0,0,0,0,0,1,1,0,0,0,0,0,0,0,0,0,1
5,2,Timeout,Timeout,Timeout,Timeout,Timeout,Timeout,Timeout,Timeout,Timeout,Timeout,Timeout,Timeout,Timeout,Timeout,Timeout,Timeout,Timeout,Timeout,Timeout,Timeout,Timeout
5,2,0,0,0,0,0,0,0,0,0,1,1,0,0,0,0,0,0,0,0,0,1
5,2,Timeout,Timeout,Timeout,Timeout,Timeout,Timeout,Timeout,Timeout,Timeout,Timeout,Timeout,Timeout,Timeout,Timeout,Timeout,Timeout,Timeout,Timeout,Timeout,Timeout,Timeout
5,2,3,0,0,2,2,0,303,171,4,7,4,5,2,13,11,8,17,6,10,0,8
5,2,15,0,0,1,0,0,41,25,2,4,3,4,1,3,2,2,6,3,2,0,6
5,2,77502,2218,17,75259,64011,8,463334,48655,24,301,22,21,6,777,757,78,294,87,1483,1,80
5,2,2210,34,4,2172,1747,1,57368,7760,20,110,14,20,7,260,241,30,161,31,323,1,50
5,2,1,0,0,1,0,0,122,52,4,4,3,4,3,3,3,4,11,6,4,0,9
5,2,1,0,0,1,1,0,75,28,2,6,3,3,2,2,1,5,12,5,0,1,8
5,2,58378,11488,13,43909,34013,55,246301,81186,43,1232,41,152,4,274,198,151,943,195,65,1,125
5,2,194921,5866,4,189034,132146,15,680802,278366,27,520,27,77,4,1036,989,119,435,178,1385,1,95
5,2,1,0,0,1,1,0,97,23,3,4,3,5,3,4,3,2,9,6,3,1,8
5,2,75,0,1,74,55,1,4301,2137,5,19,6,9,7,41,37,15,45,26,67,1,10
5,2,1,0,1,1,0,0,62,24,3,4,3,3,1,6,4,3,8,4,2,1,6
5,2,Timeout,Timeout,Timeout,Timeout,Timeout,Timeout,Timeout,Timeout,Timeout,Timeout,Timeout,Timeout,Timeout,Timeout,Timeout,Timeout,Timeout,Timeout,Timeout,Timeout,Timeout
5,2,1,0,0,1,1,0,131,50,3,7,4,7,0,10,6,5,11,5,5,0,8
5,2,57681,395,1,56907,49562,8,486969,49575,25,426,25,83,19,701,647,71,446,75,1014,1,65
5,2,2,0,0,1,1,0,191,53,4,4,3,3,4,6,5,5,11,8,7,1,7
5,2,1,0,0,1,0,0,62,10,4,4,3,1,3,1,1,6,8,5,1,1,6
5,2,96,20,0,76,55,0,3001,1104,8,32,9,24,2,46,29,23,58,21,29,1,20
5,2,Timeout,Timeout,Timeout,Timeout,Timeout,Timeout,Timeout,Timeout,Timeout,Timeout,Timeout,Timeout,Timeout,Timeout,Timeout,Timeout,Timeout,Timeout,Timeout,Timeout,Timeout
5,2,21622,12920,8,8616,6225,72,97405,70986,36,1453,37,126,1,113,57,75,861,110,2,1,160
5,2,Timeout,Timeout,Timeout,Timeout,Timeout,Timeout,Timeout,Timeout,Timeout,Timeout,Timeout,Timeout,Timeout,Timeout,Timeout,Timeout,Timeout,Timeout,Timeout,Timeout,Timeout
5,2,11,0,0,3,1,1,297,199,3,7,4,5,2,12,9,7,14,7,12,0,10
5,2,Timeout,Timeout,Timeout,Timeout,Timeout,Timeout,Timeout,Timeout,Timeout,Timeout,Timeout,Timeout,Timeout,Timeout,Timeout,Timeout,Timeout,Timeout,Timeout,Timeout,Timeout
5,2,1,0,0,1,0,0,83,39,3,4,3,3,1,3,2,5,11,4,2,0,8
5,2,20376,780,1,19585,14875,9,194145,77629,22,347,22,66,16,215,173,81,753,88,169,1,60
5,2,1,0,0,1,0,0,62,18,3,4,3,3,1,2,1,4,8,3,3,1,5
5,2,1,0,1,1,0,0,89,42,3,4,3,5,1,5,4,5,9,3,5,0,8
5,2,23,1,0,22,15,0,1617,1085,8,22,7,10,3,26,17,24,58,20,7,1,12
5,2,Timeout,Timeout,Timeout,Timeout,Timeout,Timeout,Timeout,Timeout,Timeout,Timeout,Timeout,Timeout,Timeout,Timeout,Timeout,Timeout,Timeout,Timeout,Timeout,Timeout,Timeout
5,2,81,28,0,51,30,1,3380,1140,12,83,13,24,2,29,18,22,91,15,21,1,40
5,2,Timeout,Timeout,Timeout,Timeout,Timeout,Timeout,Timeout,Timeout,Timeout,Timeout,Timeout,Timeout,Timeout,Timeout,Timeout,Timeout,Timeout,Timeout,Timeout,Timeout,Timeout
5,2,221886,6285,13,214995,162550,21,1615604,312235,58,804,31,33,77,282,248,91,1819,116,772,1,135
5,2,0,0,0,0,0,0,5,1,1,2,2,1,0,0,0,0,2,1,0,1,1
5,2,0,1,0,0,0,0,0,0,0,1,1,0,0,0,0,0,0,0,0,0,1
5,2,4,0,0,4,3,0,405,208,3,7,4,3,1,18,14,9,13,7,21,0,8
5,2,0,0,0,0,0,0,0,0,0,1,1,0,0,0,0,0,0,0,0,0,1
5,2,1,0,0,1,0,0,116,33,2,4,3,4,2,7,5,4,8,5,7,1,7
5,2,82953,189,2,82752,63684,10,609110,42498,23,323,23,22,13,929,914,44,312,83,1863,1,70
5,2,47892,6090,7,41745,32835,43,345635,93413,37,865,37,118,2,493,388,124,859,111,290,1,100
5,2,3,0,0,4,3,0,456,207,4,7,4,6,2,19,15,7,16,8,18,0,10
5,2,586413,1349,8,585038,467687,19,1584781,236682,28,644,29,113,12,1780,1716,83,586,176,2524,1,80
5,2,2327,799,1,1521,955,5,40811,10359,22,308,21,41,3,92,64,68,318,35,92,1,75
5,2,Timeout,Timeout,Timeout,Timeout,Timeout,Timeout,Timeout,Timeout,Timeout,Timeout,Timeout,Timeout,Timeout,Timeout,Timeout,Timeout,Timeout,Timeout,Timeout,Timeout,Timeout
5,2,0,0,0,0,0,0,0,0,0,1,1,0,0,0,0,0,0,0,0,0,1
5,2,3,0,1,3,2,0,335,177,4,7,4,6,3,14,12,6,15,7,13,0,11
5,2,203,14,1,188,155,0,9207,4704,9,41,9,26,2,65,52,24,88,27,76,1,25
5,2,9660,5372,2,4274,2992,9,47439,19063,24,347,24,88,3,98,75,83,348,67,68,1,90
5,2,1965,230,2,1720,1214,11,14724,10386,32,366,26,64,18,32,25,48,474,27,3,1,40
5,2,Timeout,Timeout,Timeout,Timeout,Timeout,Timeout,Timeout,Timeout,Timeout,Timeout,Timeout,Timeout,Timeout,Timeout,Timeout,Timeout,Timeout,Timeout,Timeout,Timeout,Timeout
5,2,45,40,0,0,0,0,0,0,0,1,1,0,0,0,0,0,0,0,0,0,1
5,2,72874,815,68,71983,53550,59,440950,91153,22,335,21,53,2,801,774,83,349,59,1202,1,60
5,2,16,0,0,16,9,0,266,96,4,7,4,6,1,14,11,6,14,6,11,0,9
6,2,75092,784,98,74137,56607,121,477435,37313,25,405,25,28,2,820,796,49,358,89,1240,1,84
6,2,90733,439,42,90252,77785,19,516577,56013,18,181,18,46,12,1238,1215,33,199,88,2499,1,70
6,2,Timeout,Timeout,Timeout,Timeout,Timeout,Timeout,Timeout,Timeout,Timeout,Timeout,Timeout,Timeout,Timeout,Timeout,Timeout,Timeout,Timeout,Timeout,Timeout,Timeout,Timeout
6,2,Timeout,Timeout,Timeout,Timeout,Timeout,Timeout,Timeout,Timeout,Timeout,Timeout,Timeout,Timeout,Timeout,Timeout,Timeout,Timeout,Timeout,Timeout,Timeout,Timeout,Timeout
6,2,142,5,1,118,87,0,6063,1665,7,28,7,5,9,60,56,13,43,29,108,1,25
6,2,249844,53582,81,195681,147293,60,1259515,168155,37,1104,38,79,34,638,597,80,992,79,1189,1,186
6,2,Timeout,Timeout,Timeout,Timeout,Timeout,Timeout,Timeout,Timeout,Timeout,Timeout,Timeout,Timeout,Timeout,Timeout,Timeout,Timeout,Timeout,Timeout,Timeout,Timeout,Timeout
6,2,Timeout,Timeout,Timeout,Timeout,Timeout,Timeout,Timeout,Timeout,Timeout,Timeout,Timeout,Timeout,Timeout,Timeout,Timeout,Timeout,Timeout,Timeout,Timeout,Timeout,Timeout
6,2,Timeout,Timeout,Timeout,Timeout,Timeout,Timeout,Timeout,Timeout,Timeout,Timeout,Timeout,Timeout,Timeout,Timeout,Timeout,Timeout,Timeout,Timeout,Timeout,Timeout,Timeout
6,2,1,1,0,1,0,0,47,6,2,2,2,1,3,1,0,4,7,5,0,1,5
6,2,1,0,0,1,1,0,34,11,2,4,3,2,1,1,0,4,6,4,0,1,5
6,2,Timeout,Timeout,Timeout,Timeout,Timeout,Timeout,Timeout,Timeout,Timeout,Timeout,Timeout,Timeout,Timeout,Timeout,Timeout,Timeout,Timeout,Timeout,Timeout,Timeout,Timeout
6,2,1456,671,1,760,610,9,13861,9537,21,241,22,95,19,60,40,40,310,42,2,1,60
6,2,Timeout,Timeout,Timeout,Timeout,Timeout,Timeout,Timeout,Timeout,Timeout,Timeout,Timeout,Timeout,Timeout,Timeout,Timeout,Timeout,Timeout,Timeout,Timeout,Timeout,Timeout
6,2,Timeout,Timeout,Timeout,Timeout,Timeout,Timeout,Timeout,Timeout,Timeout,Timeout,Timeout,Timeout,Timeout,Timeout,Timeout,Timeout,Timeout,Timeout,Timeout,Timeout,Timeout
6,2,14,1,0,2,2,0,48,14,2,4,3,2,2,2,1,4,6,5,1,1,5
6,2,54086,5540,6,48360,34798,46,280039,83813,30,638,30,128,3,299,252,87,654,121,307,1,90
6,2,Timeout,Timeout,Timeout,Timeout,Timeout,Timeout,Timeout,Timeout,Timeout,Timeout,Timeout,Timeout,Timeout,Timeout,Timeout,Timeout,Timeout,Timeout,Timeout,Timeout,Timeout
6,2,4,3,0,2,2,0,178,47,2,4,3,6,2,10,6,5,11,7,7,1,10
6,2,Timeout,Timeout,Timeout,Timeout,Timeout,Timeout,Timeout,Timeout,Timeout,Timeout,Timeout,Timeout,Timeout,Timeout,Timeout,Timeout,Timeout,Timeout,Timeout,Timeout,Timeout
6,2,Timeout,Timeout,Timeout,Timeout,Timeout,Timeout,Timeout,Timeout,Timeout,Timeout,Timeout,Timeout,Timeout,Timeout,Timeout,Timeout,Timeout,Timeout,Timeout,Timeout,Timeout
6,2,Timeout,Timeout,Timeout,Timeout,Timeout,Timeout,Timeout,Timeout,Timeout,Timeout,Timeout,Timeout,Timeout,Timeout,Timeout,Timeout,Timeout,Timeout,Timeout,Timeout,Timeout
6,2,Timeout,Timeout,Timeout,Timeout,Timeout,Timeout,Timeout,Timeout,Timeout,Timeout,Timeout,Timeout,Timeout,Timeout,Timeout,Timeout,Timeout,Timeout,Timeout,Timeout,Timeout
6,2,1,0,0,1,0,0,27,5,3,2,2,1,2,0,0,3,6,3,0,1,4
6,2,37,1,0,36,33,0,1846,921,5,16,5,3,5,20,16,11,36,14,35,1,15
6,2,Timeout,Timeout,Timeout,Timeout,Timeout,Timeout,Timeout,Timeout,Timeout,Timeout,Timeout,Timeout,Timeout,Timeout,Timeout,Timeout,Timeout,Timeout,Timeout,Timeout,Timeout
6,2,3,0,0,2,2,0,172,107,3,7,4,10,1,10,5,7,15,7,3,1,12
6,2,Timeout,Timeout,Timeout,Timeout,Timeout,Timeout,Timeout,Timeout,Timeout,Timeout,Timeout,Timeout,Timeout,Timeout,Timeout,Timeout,Timeout,Timeout,Timeout,Timeout,Timeout
6,2,Timeout,Timeout,Timeout,Timeout,Timeout,Timeout,Timeout,Timeout,Timeout,Timeout,Timeout,Timeout,Timeout,Timeout,Timeout,Timeout,Timeout,Timeout,Timeout,Timeout,Timeout
6,2,0,0,0,1,0,0,5,1,1,2,2,1,0,0,0,0,2,1,0,1,1
6,2,1447,41,1,1401,1049,5,28482,5831,15,173,14,15,16,129,127,28,158,34,145,1,32
6,2,500,5,0,430,364,0,15006,4330,9,47,10,15,4,101,89,23,85,28,146,1,24
6,2,Timeout,Timeout,Timeout,Timeout,Timeout,Timeout,Timeout,Timeout,Timeout,Timeout,Timeout,Timeout,Timeout,Timeout,Timeout,Timeout,Timeout,Timeout,Timeout,Timeout,Timeout
6,2,Timeout,Timeout,Timeout,Timeout,Timeout,Timeout,Timeout,Timeout,Timeout,Timeout,Timeout,Timeout,Timeout,Timeout,Timeout,Timeout,Timeout,Timeout,Timeout,Timeout,Timeout
6,2,238,25,1,213,163,0,6264,2981,8,35,9,11,2,60,50,22,68,14,76,1,25
6,2,50687,643,3,48971,40351,5,300359,149319,19,171,18,85,6,609,564,39,318,119,823,1,54
6,2,83,38,0,44,30,0,4977,1056,10,36,9,13,2,54,46,14,48,19,82,1,36
6,2,Timeout,Timeout,Timeout,Timeout,Timeout,Timeout,Timeout,Timeout,Timeout,Timeout,Timeout,Timeout,Timeout,Timeout,Timeout,Timeout,Timeout,Timeout,Timeout,Timeout,Timeout
6,2,107729,46847,48,60641,42366,200,293874,101305,45,1492,45,93,71,221,208,130,1121,89,172,1,155
6,2,45282,7097,12,38130,26801,28,246196,38124,22,397,23,61,1,382,339,74,435,72,493,1,96
6,2,Error,Error,Error,Error,Error,Error,Error,Error,Error,Error,Error,Error,Error,Error,Error,Error,Error,Error,Error,Error,Error
6,2,1,0,0,1,0,0,34,8,3,4,3,2,2,1,0,2,6,4,0,1,4
6,2,Error,Error,Error,Error,Error,Error,Error,Error,Error,Error,Error,Error,Error,Error,Error,Error,Error,Error,Error,Error,Error
6,2,15,2,0,1,1,0,340,156,4,10,4,8,1,12,9,8,18,8,9,0,13
6,2,Timeout,Timeout,Timeout,Timeout,Timeout,Timeout,Timeout,Timeout,Timeout,Timeout,Timeout,Timeout,Timeout,Timeout,Timeout,Timeout,Timeout,Timeout,Timeout,Timeout,Timeout
6,2,1,1,0,0,0,0,19,3,2,2,2,1,2,0,0,2,4,3,0,1,3
6,2,Timeout,Timeout,Timeout,Timeout,Timeout,Timeout,Timeout,Timeout,Timeout,Timeout,Timeout,Timeout,Timeout,Timeout,Timeout,Timeout,Timeout,Timeout,Timeout,Timeout,Timeout
6,2,0,1,0,0,0,0,5,1,1,2,2,1,0,0,0,0,2,1,0,1,1
6,2,28572,4144,7,24350,19173,11,342168,62388,28,484,26,94,4,430,381,91,663,79,437,1,108
6,2,Timeout,Timeout,Timeout,Timeout,Timeout,Timeout,Timeout,Timeout,Timeout,Timeout,Timeout,Timeout,Timeout,Timeout,Timeout,Timeout,Timeout,Timeout,Timeout,Timeout,Timeout
6,2,2,0,1,3,1,0,219,139,3,6,3,8,2,7,5,6,16,6,6,0,13
6,2,3,0,0,2,2,0,191,43,3,7,4,6,1,11,8,5,11,6,9,1,9
6,2,Timeout,Timeout,Timeout,Timeout,Timeout,Timeout,Timeout,Timeout,Timeout,Timeout,Timeout,Timeout,Timeout,Timeout,Timeout,Timeout,Timeout,Timeout,Timeout,Timeout,Timeout
6,2,459,48,1,407,280,3,6839,4858,18,154,17,28,6,53,29,32,176,32,6,1,40
6,2,0,0,0,0,0,0,0,0,0,1,1,0,0,0,0,0,0,0,0,0,1
6,2,1,0,0,1,1,0,71,24,1,3,2,5,0,4,2,2,8,4,3,1,7
6,2,Timeout,Timeout,Timeout,Timeout,Timeout,Timeout,Timeout,Timeout,Timeout,Timeout,Timeout,Timeout,Timeout,Timeout,Timeout,Timeout,Timeout,Timeout,Timeout,Timeout,Timeout
6,2,Timeout,Timeout,Timeout,Timeout,Timeout,Timeout,Timeout,Timeout,Timeout,Timeout,Timeout,Timeout,Timeout,Timeout,Timeout,Timeout,Timeout,Timeout,Timeout,Timeout,Timeout
6,2,1,0,0,1,1,0,47,8,2,2,2,4,2,2,1,2,7,5,0,1,6
6,2,3,1,0,1,1,0,159,54,2,4,3,4,3,6,5,4,9,5,10,1,7
6,2,Timeout,Timeout,Timeout,Timeout,Timeout,Timeout,Timeout,Timeout,Timeout,Timeout,Timeout,Timeout,Timeout,Timeout,Timeout,Timeout,Timeout,Timeout,Timeout,Timeout,Timeout
6,2,0,0,0,0,0,0,0,0,0,1,1,0,0,0,0,0,0,0,0,0,1
6,2,6,0,0,7,5,0,749,337,5,6,3,5,3,17,16,10,20,11,24,0,15
6,2,1,0,0,1,0,0,140,83,4,7,4,5,2,5,4,5,15,4,4,0,11
6,2,6721,7,2,6710,5693,2,136384,14052,14,139,15,15,19,401,390,29,157,45,819,1,24
6,2,38522,112,1,38405,30866,3,287793,240635,15,134,16,11,23,562,552,47,317,125,781,1,40
6,2,Timeout,Timeout,Timeout,Timeout,Timeout,Timeout,Timeout,Timeout,Timeout,Timeout,Timeout,Timeout,Timeout,Timeout,Timeout,Timeout,Timeout,Timeout,Timeout,Timeout,Timeout
6,2,1826,71,1,1727,1404,1,45517,7614,14,79,13,23,3,185,164,30,144,40,274,1,48
6,2,Timeout,Timeout,Timeout,Timeout,Timeout,Timeout,Timeout,Timeout,Timeout,Timeout,Timeout,Timeout,Timeout,Timeout,Timeout,Timeout,Timeout,Timeout,Timeout,Timeout,Timeout
6,2,Timeout,Timeout,Timeout,Timeout,Timeout,Timeout,Timeout,Timeout,Timeout,Timeout,Timeout,Timeout,Timeout,Timeout,Timeout,Timeout,Timeout,Timeout,Timeout,Timeout,Timeout
6,2,0,0,0,0,0,0,0,0,0,1,1,0,0,0,0,0,0,0,0,0,1
6,2,4609,36,2,4167,3496,4,101576,18344,15,160,16,36,1,264,247,36,200,37,468,1,48
6,2,3,0,0,3,2,0,369,350,3,6,3,6,3,10,7,7,18,9,10,0,12
6,2,8,0,0,8,5,0,836,523,5,11,5,7,5,16,12,11,26,13,18,0,15
6,2,Timeout,Timeout,Timeout,Timeout,Timeout,Timeout,Timeout,Timeout,Timeout,Timeout,Timeout,Timeout,Timeout,Timeout,Timeout,Timeout,Timeout,Timeout,Timeout,Timeout,Timeout
6,2,Timeout,Timeout,Timeout,Timeout,Timeout,Timeout,Timeout,Timeout,Timeout,Timeout,Timeout,Timeout,Timeout,Timeout,Timeout,Timeout,Timeout,Timeout,Timeout,Timeout,Timeout
6,2,128052,774,1,126497,57161,4,476158,157490,19,189,18,66,3,740,707,71,295,121,1489,1,66
6,2,Timeout,Timeout,Timeout,Timeout,Timeout,Timeout,Timeout,Timeout,Timeout,Timeout,Timeout,Timeout,Timeout,Timeout,Timeout,Timeout,Timeout,Timeout,Timeout,Timeout,Timeout
6,2,20967,50,3,20909,16674,3,222939,20081,20,233,21,47,10,577,550,39,252,57,824,1,44
6,2,7,0,0,7,5,0,762,720,4,7,4,6,3,16,14,9,24,10,20,0,14
6,2,Timeout,Timeout,Timeout,Timeout,Timeout,Timeout,Timeout,Timeout,Timeout,Timeout,Timeout,Timeout,Timeout,Timeout,Timeout,Timeout,Timeout,Timeout,Timeout,Timeout,Timeout
6,2,1146940,8420,9,1138373,777943,17,2956635,684622,31,612,29,83,6,1739,1665,70,715,322,3809,1,138
6,2,Timeout,Timeout,Timeout,Timeout,Timeout,Timeout,Timeout,Timeout,Timeout,Timeout,Timeout,Timeout,Timeout,Timeout,Timeout,Timeout,Timeout,Timeout,Timeout,Timeout,Timeout
6,2,Timeout,Timeout,Timeout,Timeout,Timeout,Timeout,Timeout,Timeout,Timeout,Timeout,Timeout,Timeout,Timeout,Timeout,Timeout,Timeout,Timeout,Timeout,Timeout,Timeout,Timeout
6,2,23903,5048,5,18315,12929,61,198794,71602,36,1272,36,120,3,184,148,102,1091,56,126,1,95
6,2,1176470,8524,8,1167927,893906,15,2386552,471294,19,395,19,127,4,2698,2643,84,594,199,3814,1,126
6,2,577,31,1,544,448,1,22623,3795,13,56,11,21,6,161,145,21,78,34,253,1,35
6,2,65601,261,7,65314,51512,13,535120,36564,27,531,26,62,33,664,640,50,403,75,1249,1,55
6,2,5323,162,1,5139,3223,14,94702,29617,24,424,25,84,22,196,164,54,419,61,164,1,42
6,2,1,0,0,2,1,0,97,73,4,7,4,4,1,4,2,4,13,4,2,0,7
6,2,17987,664,6,17318,11028,4,246612,111551,22,262,21,44,16,188,164,76,627,79,314,1,60
6,2,721,33,3,686,455,1,25104,10662,11,75,12,15,23,94,80,36,169,54,94,1,35
6,2,Timeout,Timeout,Timeout,Timeout,Timeout,Timeout,Timeout,Timeout,Timeout,Timeout,Timeout,Timeout,Timeout,Timeout,Timeout,Timeout,Timeout,Timeout,Timeout,Timeout,Timeout
6,2,3,0,0,3,3,0,401,204,3,7,4,5,2,21,16,5,12,9,21,0,9
6,2,0,0,0,0,0,0,0,0,0,1,1,0,0,0,0,0,0,0,0,0,1
6,2,4,0,0,4,3,0,578,203,2,8,3,7,1,14,11,12,18,9,21,0,16
6,2,Timeout,Timeout,Timeout,Timeout,Timeout,Timeout,Timeout,Timeout,Timeout,Timeout,Timeout,Timeout,Timeout,Timeout,Timeout,Timeout,Timeout,Timeout,Timeout,Timeout,Timeout
6,2,Timeout,Timeout,Timeout,Timeout,Timeout,Timeout,Timeout,Timeout,Timeout,Timeout,Timeout,Timeout,Timeout,Timeout,Timeout,Timeout,Timeout,Timeout,Timeout,Timeout,Timeout
6,2,83,23,0,59,48,0,3147,1195,7,29,8,19,3,38,27,18,55,17,39,1,25
6,2,Timeout,Timeout,Timeout,Timeout,Timeout,Timeout,Timeout,Timeout,Timeout,Timeout,Timeout,Timeout,Timeout,Timeout,Timeout,Timeout,Timeout,Timeout,Timeout,Timeout,Timeout
7,2,4,1,0,3,3,0,299,58,4,6,3,7,2,8,5,9,18,8,7,1,12
7,2,Timeout,Timeout,Timeout,Timeout,Timeout,Timeout,Timeout,Timeout,Timeout,Timeout,Timeout,Timeout,Timeout,Timeout,Timeout,Timeout,Timeout,Timeout,Timeout,Timeout,Timeout
7,2,Timeout,Timeout,Timeout,Timeout,Timeout,Timeout,Timeout,Timeout,Timeout,Timeout,Timeout,Timeout,Timeout,Timeout,Timeout,Timeout,Timeout,Timeout,Timeout,Timeout,Timeout
7,2,Timeout,Timeout,Timeout,Timeout,Timeout,Timeout,Timeout,Timeout,Timeout,Timeout,Timeout,Timeout,Timeout,Timeout,Timeout,Timeout,Timeout,Timeout,Timeout,Timeout,Timeout
7,2,Timeout,Timeout,Timeout,Timeout,Timeout,Timeout,Timeout,Timeout,Timeout,Timeout,Timeout,Timeout,Timeout,Timeout,Timeout,Timeout,Timeout,Timeout,Timeout,Timeout,Timeout
7,2,47,2,0,32,29,0,728,648,4,7,4,9,2,21,15,8,21,13,20,1,11
7,2,Timeout,Timeout,Timeout,Timeout,Timeout,Timeout,Timeout,Timeout,Timeout,Timeout,Timeout,Timeout,Timeout,Timeout,Timeout,Timeout,Timeout,Timeout,Timeout,Timeout,Timeout
7,2,Timeout,Timeout,Timeout,Timeout,Timeout,Timeout,Timeout,Timeout,Timeout,Timeout,Timeout,Timeout,Timeout,Timeout,Timeout,Timeout,Timeout,Timeout,Timeout,Timeout,Timeout
7,2,Timeout,Timeout,Timeout,Timeout,Timeout,Timeout,Timeout,Timeout,Timeout,Timeout,Timeout,Timeout,Timeout,Timeout,Timeout,Timeout,Timeout,Timeout,Timeout,Timeout,Timeout
7,2,1,0,1,2,1,0,166,92,3,3,2,4,1,7,6,4,13,5,6,0,10
7,2,Timeout,Timeout,Timeout,Timeout,Timeout,Timeout,Timeout,Timeout,Timeout,Timeout,Timeout,Timeout,Timeout,Timeout,Timeout,Timeout,Timeout,Timeout,Timeout,Timeout,Timeout
7,2,Timeout,Timeout,Timeout,Timeout,Timeout,Timeout,Timeout,Timeout,Timeout,Timeout,Timeout,Timeout,Timeout,Timeout,Timeout,Timeout,Timeout,Timeout,Timeout,Timeout,Timeout
7,2,Timeout,Timeout,Timeout,Timeout,Timeout,Timeout,Timeout,Timeout,Timeout,Timeout,Timeout,Timeout,Timeout,Timeout,Timeout,Timeout,Timeout,Timeout,Timeout,Timeout,Timeout
7,2,54,6,0,48,37,0,4828,1238,5,14,6,16,6,58,49,15,43,27,83,1,18
7,2,1,0,0,0,0,0,5,1,1,2,2,1,0,0,0,0,2,1,0,1,1
7,2,Timeout,Timeout,Timeout,Timeout,Timeout,Timeout,Timeout,Timeout,Timeout,Timeout,Timeout,Timeout,Timeout,Timeout,Timeout,Timeout,Timeout,Timeout,Timeout,Timeout,Timeout
7,2,234548,2380,7,231927,195361,17,1022734,147304,30,556,30,117,4,1278,1249,58,581,200,1558,1,102
7,2,62011,22311,5,39662,27965,30,413240,161232,32,912,32,120,3,195,161,120,1463,97,187,1,168
7,2,1900,574,1,1320,986,4,42824,8336,15,143,16,59,4,178,164,31,193,36,184,1,72
7,2,39026,6713,5,32282,24068,21,223844,79906,32,722,32,122,1,123,65,169,1408,89,69,1,100
7,2,Timeout,Timeout,Timeout,Timeout,Timeout,Timeout,Timeout,Timeout,Timeout,Timeout,Timeout,Timeout,Timeout,Timeout,Timeout,Timeout,Timeout,Timeout,Timeout,Timeout,Timeout
7,2,Timeout,Timeout,Timeout,Timeout,Timeout,Timeout,Timeout,Timeout,Timeout,Timeout,Timeout,Timeout,Timeout,Timeout,Timeout,Timeout,Timeout,Timeout,Timeout,Timeout,Timeout
7,2,Timeout,Timeout,Timeout,Timeout,Timeout,Timeout,Timeout,Timeout,Timeout,Timeout,Timeout,Timeout,Timeout,Timeout,Timeout,Timeout,Timeout,Timeout,Timeout,Timeout,Timeout
7,2,Timeout,Timeout,Timeout,Timeout,Timeout,Timeout,Timeout,Timeout,Timeout,Timeout,Timeout,Timeout,Timeout,Timeout,Timeout,Timeout,Timeout,Timeout,Timeout,Timeout,Timeout
7,2,Timeout,Timeout,Timeout,Timeout,Timeout,Timeout,Timeout,Timeout,Timeout,Timeout,Timeout,Timeout,Timeout,Timeout,Timeout,Timeout,Timeout,Timeout,Timeout,Timeout,Timeout
7,2,Timeout,Timeout,Timeout,Timeout,Timeout,Timeout,Timeout,Timeout,Timeout,Timeout,Timeout,Timeout,Timeout,Timeout,Timeout,Timeout,Timeout,Timeout,Timeout,Timeout,Timeout
7,2,Timeout,Timeout,Timeout,Timeout,Timeout,Timeout,Timeout,Timeout,Timeout,Timeout,Timeout,Timeout,Timeout,Timeout,Timeout,Timeout,Timeout,Timeout,Timeout,Timeout,Timeout
7,2,Timeout,Timeout,Timeout,Timeout,Timeout,Timeout,Timeout,Timeout,Timeout,Timeout,Timeout,Timeout,Timeout,Timeout,Timeout,Timeout,Timeout,Timeout,Timeout,Timeout,Timeout
7,2,Timeout,Timeout,Timeout,Timeout,Timeout,Timeout,Timeout,Timeout,Timeout,Timeout,Timeout,Timeout,Timeout,Timeout,Timeout,Timeout,Timeout,Timeout,Timeout,Timeout,Timeout
7,2,Timeout,Timeout,Timeout,Timeout,Timeout,Timeout,Timeout,Timeout,Timeout,Timeout,Timeout,Timeout,Timeout,Timeout,Timeout,Timeout,Timeout,Timeout,Timeout,Timeout,Timeout
7,2,Timeout,Timeout,Timeout,Timeout,Timeout,Timeout,Timeout,Timeout,Timeout,Timeout,Timeout,Timeout,Timeout,Timeout,Timeout,Timeout,Timeout,Timeout,Timeout,Timeout,Timeout
7,2,12,0,0,12,6,0,882,469,5,11,5,10,4,20,16,9,29,12,17,0,18
7,2,8,0,0,8,7,0,1016,420,3,10,4,14,1,23,19,12,26,9,28,0,19
7,2,Timeout,Timeout,Timeout,Timeout,Timeout,Timeout,Timeout,Timeout,Timeout,Timeout,Timeout,Timeout,Timeout,Timeout,Timeout,Timeout,Timeout,Timeout,Timeout,Timeout,Timeout
7,2,5,0,0,3,2,0,254,108,3,7,4,12,1,11,8,5,16,5,9,0,14
7,2,Timeout,Timeout,Timeout,Timeout,Timeout,Timeout,Timeout,Timeout,Timeout,Timeout,Timeout,Timeout,Timeout,Timeout,Timeout,Timeout,Timeout,Timeout,Timeout,Timeout,Timeout
7,2,Timeout,Timeout,Timeout,Timeout,Timeout,Timeout,Timeout,Timeout,Timeout,Timeout,Timeout,Timeout,Timeout,Timeout,Timeout,Timeout,Timeout,Timeout,Timeout,Timeout,Timeout
7,2,51857,10041,1,41540,30418,15,500952,15740,20,407,19,4,124,71,69,170,1030,247,238,1,126
7,2,103813,153,5,103652,84743,6,610073,115295,24,232,21,41,6,837,818,57,435,89,1310,1,60
7,2,0,0,0,0,0,0,0,0,0,1,1,0,0,0,0,0,0,0,0,0,1
7,2,Timeout,Timeout,Timeout,Timeout,Timeout,Timeout,Timeout,Timeout,Timeout,Timeout,Timeout,Timeout,Timeout,Timeout,Timeout,Timeout,Timeout,Timeout,Timeout,Timeout,Timeout
7,2,4,0,0,4,4,0,476,203,3,7,4,10,2,14,11,5,18,7,18,0,14
7,2,Timeout,Timeout,Timeout,Timeout,Timeout,Timeout,Timeout,Timeout,Timeout,Timeout,Timeout,Timeout,Timeout,Timeout,Timeout,Timeout,Timeout,Timeout,Timeout,Timeout,Timeout
7,2,Timeout,Timeout,Timeout,Timeout,Timeout,Timeout,Timeout,Timeout,Timeout,Timeout,Timeout,Timeout,Timeout,Timeout,Timeout,Timeout,Timeout,Timeout,Timeout,Timeout,Timeout
7,2,14,2,0,12,8,0,1347,451,6,14,6,12,3,22,17,9,32,13,27,1,15
7,2,Timeout,Timeout,Timeout,Timeout,Timeout,Timeout,Timeout,Timeout,Timeout,Timeout,Timeout,Timeout,Timeout,Timeout,Timeout,Timeout,Timeout,Timeout,Timeout,Timeout,Timeout
7,2,Timeout,Timeout,Timeout,Timeout,Timeout,Timeout,Timeout,Timeout,Timeout,Timeout,Timeout,Timeout,Timeout,Timeout,Timeout,Timeout,Timeout,Timeout,Timeout,Timeout,Timeout
7,2,Timeout,Timeout,Timeout,Timeout,Timeout,Timeout,Timeout,Timeout,Timeout,Timeout,Timeout,Timeout,Timeout,Timeout,Timeout,Timeout,Timeout,Timeout,Timeout,Timeout,Timeout
7,2,Timeout,Timeout,Timeout,Timeout,Timeout,Timeout,Timeout,Timeout,Timeout,Timeout,Timeout,Timeout,Timeout,Timeout,Timeout,Timeout,Timeout,Timeout,Timeout,Timeout,Timeout
7,2,1,1,0,0,0,0,23,6,2,4,3,2,0,2,0,2,5,3,0,1,3
7,2,32,0,0,31,23,0,3339,853,3,12,4,15,2,57,50,18,38,14,72,0,22
7,2,Timeout,Timeout,Timeout,Timeout,Timeout,Timeout,Timeout,Timeout,Timeout,Timeout,Timeout,Timeout,Timeout,Timeout,Timeout,Timeout,Timeout,Timeout,Timeout,Timeout,Timeout
7,2,Error,Error,Error,Error,Error,Error,Error,Error,Error,Error,Error,Error,Error,Error,Error,Error,Error,Error,Error,Error,Error
7,2,Timeout,Timeout,Timeout,Timeout,Timeout,Timeout,Timeout,Timeout,Timeout,Timeout,Timeout,Timeout,Timeout,Timeout,Timeout,Timeout,Timeout,Timeout,Timeout,Timeout,Timeout
7,2,575643,468,3,568486,495864,4,2147053,313865,21,241,20,50,23,1445,1396,107,759,100,2728,1,60
7,2,0,0,0,0,0,0,5,1,1,2,2,1,0,0,0,0,2,1,0,1,1
7,2,Timeout,Timeout,Timeout,Timeout,Timeout,Timeout,Timeout,Timeout,Timeout,Timeout,Timeout,Timeout,Timeout,Timeout,Timeout,Timeout,Timeout,Timeout,Timeout,Timeout,Timeout
7,2,5,1,2,5,3,0,571,190,4,11,5,13,1,20,15,9,25,7,14,0,19
7,2,Timeout,Timeout,Timeout,Timeout,Timeout,Timeout,Timeout,Timeout,Timeout,Timeout,Timeout,Timeout,Timeout,Timeout,Timeout,Timeout,Timeout,Timeout,Timeout,Timeout,Timeout
7,2,0,1,0,0,0,0,34,1,3,2,2,1,2,0,0,3,6,4,0,2,3
7,2,11047,1413,7,8967,6472,12,189546,20922,24,441,24,51,2,336,311,47,354,73,460,1,98
7,2,Timeout,Timeout,Timeout,Timeout,Timeout,Timeout,Timeout,Timeout,Timeout,Timeout,Timeout,Timeout,Timeout,Timeout,Timeout,Timeout,Timeout,Timeout,Timeout,Timeout,Timeout
7,2,7,4,1,3,1,0,140,62,3,4,3,5,3,7,6,4,12,5,5,1,10
7,2,30,1,1,2,0,0,270,72,5,7,4,3,3,6,4,8,15,8,8,1,8
7,2,378958,28431,9,350265,208361,38,1143970,83661,36,1140,36,116,2,1011,925,69,787,122,1329,1,174
7,2,6,1,0,4,2,0,300,84,3,7,4,5,5,8,6,11,18,8,7,1,11
7,2,Timeout,Timeout,Timeout,Timeout,Timeout,Timeout,Timeout,Timeout,Timeout,Timeout,Timeout,Timeout,Timeout,Timeout,Timeout,Timeout,Timeout,Timeout,Timeout,Timeout,Timeout
7,2,Timeout,Timeout,Timeout,Timeout,Timeout,Timeout,Timeout,Timeout,Timeout,Timeout,Timeout,Timeout,Timeout,Timeout,Timeout,Timeout,Timeout,Timeout,Timeout,Timeout,Timeout
7,2,Timeout,Timeout,Timeout,Timeout,Timeout,Timeout,Timeout,Timeout,Timeout,Timeout,Timeout,Timeout,Timeout,Timeout,Timeout,Timeout,Timeout,Timeout,Timeout,Timeout,Timeout
7,2,Timeout,Timeout,Timeout,Timeout,Timeout,Timeout,Timeout,Timeout,Timeout,Timeout,Timeout,Timeout,Timeout,Timeout,Timeout,Timeout,Timeout,Timeout,Timeout,Timeout,Timeout
7,2,Timeout,Timeout,Timeout,Timeout,Timeout,Timeout,Timeout,Timeout,Timeout,Timeout,Timeout,Timeout,Timeout,Timeout,Timeout,Timeout,Timeout,Timeout,Timeout,Timeout,Timeout
7,2,4,1,0,3,2,0,429,204,5,7,4,7,3,11,9,6,18,8,14,0,16
7,2,Timeout,Timeout,Timeout,Timeout,Timeout,Timeout,Timeout,Timeout,Timeout,Timeout,Timeout,Timeout,Timeout,Timeout,Timeout,Timeout,Timeout,Timeout,Timeout,Timeout,Timeout
7,2,Timeout,Timeout,Timeout,Timeout,Timeout,Timeout,Timeout,Timeout,Timeout,Timeout,Timeout,Timeout,Timeout,Timeout,Timeout,Timeout,Timeout,Timeout,Timeout,Timeout,Timeout
7,2,Timeout,Timeout,Timeout,Timeout,Timeout,Timeout,Timeout,Timeout,Timeout,Timeout,Timeout,Timeout,Timeout,Timeout,Timeout,Timeout,Timeout,Timeout,Timeout,Timeout,Timeout
7,2,256168,441,2,254853,221900,6,1306449,264822,23,285,22,49,14,1110,1072,60,478,204,2532,1,78
7,2,315073,15043,13,299991,211070,34,1434313,112993,39,830,37,123,4,1092,1051,73,842,116,1585,1,144
7,2,2,0,0,3,2,0,263,134,3,4,3,4,4,2,1,9,21,6,5,0,10
7,2,Timeout,Timeout,Timeout,Timeout,Timeout,Timeout,Timeout,Timeout,Timeout,Timeout,Timeout,Timeout,Timeout,Timeout,Timeout,Timeout,Timeout,Timeout,Timeout,Timeout,Timeout
7,2,0,0,0,0,0,0,5,1,1,2,2,1,0,0,0,0,2,1,0,1,1
7,2,87178,4327,8,82521,69230,28,493232,42472,34,706,34,119,4,605,570,69,729,41,634,1,112
7,2,Timeout,Timeout,Timeout,Timeout,Timeout,Timeout,Timeout,Timeout,Timeout,Timeout,Timeout,Timeout,Timeout,Timeout,Timeout,Timeout,Timeout,Timeout,Timeout,Timeout,Timeout
7,2,3,0,0,3,3,0,301,91,4,7,4,7,2,12,10,6,16,6,11,0,13
7,2,Timeout,Timeout,Timeout,Timeout,Timeout,Timeout,Timeout,Timeout,Timeout,Timeout,Timeout,Timeout,Timeout,Timeout,Timeout,Timeout,Timeout,Timeout,Timeout,Timeout,Timeout
7,2,7,0,0,7,4,0,779,378,5,11,5,11,5,14,13,10,22,12,23,0,16
7,2,Timeout,Timeout,Timeout,Timeout,Timeout,Timeout,Timeout,Timeout,Timeout,Timeout,Timeout,Timeout,Timeout,Timeout,Timeout,Timeout,Timeout,Timeout,Timeout,Timeout,Timeout
7,2,Timeout,Timeout,Timeout,Timeout,Timeout,Timeout,Timeout,Timeout,Timeout,Timeout,Timeout,Timeout,Timeout,Timeout,Timeout,Timeout,Timeout,Timeout,Timeout,Timeout,Timeout
7,2,48424,6977,5,41127,29212,14,448283,186640,29,555,27,29,6,179,153,123,1307,103,239,1,126
7,2,Timeout,Timeout,Timeout,Timeout,Timeout,Timeout,Timeout,Timeout,Timeout,Timeout,Timeout,Timeout,Timeout,Timeout,Timeout,Timeout,Timeout,Timeout,Timeout,Timeout,Timeout
7,2,38867,17196,31,20882,17223,8,203763,33680,26,352,25,115,3,288,223,148,630,72,250,1,108
7,2,Timeout,Timeout,Timeout,Timeout,Timeout,Timeout,Timeout,Timeout,Timeout,Timeout,Timeout,Timeout,Timeout,Timeout,Timeout,Timeout,Timeout,Timeout,Timeout,Timeout,Timeout
7,2,Timeout,Timeout,Timeout,Timeout,Timeout,Timeout,Timeout,Timeout,Timeout,Timeout,Timeout,Timeout,Timeout,Timeout,Timeout,Timeout,Timeout,Timeout,Timeout,Timeout,Timeout
7,2,Timeout,Timeout,Timeout,Timeout,Timeout,Timeout,Timeout,Timeout,Timeout,Timeout,Timeout,Timeout,Timeout,Timeout,Timeout,Timeout,Timeout,Timeout,Timeout,Timeout,Timeout
7,2,Timeout,Timeout,Timeout,Timeout,Timeout,Timeout,Timeout,Timeout,Timeout,Timeout,Timeout,Timeout,Timeout,Timeout,Timeout,Timeout,Timeout,Timeout,Timeout,Timeout,Timeout
7,2,Timeout,Timeout,Timeout,Timeout,Timeout,Timeout,Timeout,Timeout,Timeout,Timeout,Timeout,Timeout,Timeout,Timeout,Timeout,Timeout,Timeout,Timeout,Timeout,Timeout,Timeout
7,2,3,1,0,1,1,1,236,54,3,6,3,3,3,2,1,6,15,8,6,1,9
7,2,Timeout,Timeout,Timeout,Timeout,Timeout,Timeout,Timeout,Timeout,Timeout,Timeout,Timeout,Timeout,Timeout,Timeout,Timeout,Timeout,Timeout,Timeout,Timeout,Timeout,Timeout
7,2,Timeout,Timeout,Timeout,Timeout,Timeout,Timeout,Timeout,Timeout,Timeout,Timeout,Timeout,Timeout,Timeout,Timeout,Timeout,Timeout,Timeout,Timeout,Timeout,Timeout,Timeout
7,2,5878,167,2,5644,4081,5,159924,33267,20,200,20,41,10,203,184,57,458,53,296,1,70
7,2,Timeout,Timeout,Timeout,Timeout,Timeout,Timeout,Timeout,Timeout,Timeout,Timeout,Timeout,Timeout,Timeout,Timeout,Timeout,Timeout,Timeout,Timeout,Timeout,Timeout,Timeout
8,2,Timeout,Timeout,Timeout,Timeout,Timeout,Timeout,Timeout,Timeout,Timeout,Timeout,Timeout,Timeout,Timeout,Timeout,Timeout,Timeout,Timeout,Timeout,Timeout,Timeout,Timeout
8,2,Timeout,Timeout,Timeout,Timeout,Timeout,Timeout,Timeout,Timeout,Timeout,Timeout,Timeout,Timeout,Timeout,Timeout,Timeout,Timeout,Timeout,Timeout,Timeout,Timeout,Timeout
8,2,5,0,0,5,4,0,547,179,4,7,4,15,3,13,11,5,22,7,16,0,19
8,2,10105,6486,1,3586,2719,4,83245,8344,16,130,16,51,2,378,337,52,161,44,469,1,104
8,2,Timeout,Timeout,Timeout,Timeout,Timeout,Timeout,Timeout,Timeout,Timeout,Timeout,Timeout,Timeout,Timeout,Timeout,Timeout,Timeout,Timeout,Timeout,Timeout,Timeout,Timeout
8,2,Timeout,Timeout,Timeout,Timeout,Timeout,Timeout,Timeout,Timeout,Timeout,Timeout,Timeout,Timeout,Timeout,Timeout,Timeout,Timeout,Timeout,Timeout,Timeout,Timeout,Timeout
8,2,28329,2152,9,25930,20510,4,286852,41671,22,204,21,102,5,331,311,42,338,141,705,1,90
8,2,Timeout,Timeout,Timeout,Timeout,Timeout,Timeout,Timeout,Timeout,Timeout,Timeout,Timeout,Timeout,Timeout,Timeout,Timeout,Timeout,Timeout,Timeout,Timeout,Timeout,Timeout
8,2,Timeout,Timeout,Timeout,Timeout,Timeout,Timeout,Timeout,Timeout,Timeout,Timeout,Timeout,Timeout,Timeout,Timeout,Timeout,Timeout,Timeout,Timeout,Timeout,Timeout,Timeout
8,2,8709,3365,4,5238,3285,10,98190,24948,26,325,25,66,11,154,135,57,398,55,191,1,112
8,2,Timeout,Timeout,Timeout,Timeout,Timeout,Timeout,Timeout,Timeout,Timeout,Timeout,Timeout,Timeout,Timeout,Timeout,Timeout,Timeout,Timeout,Timeout,Timeout,Timeout,Timeout
8,2,Timeout,Timeout,Timeout,Timeout,Timeout,Timeout,Timeout,Timeout,Timeout,Timeout,Timeout,Timeout,Timeout,Timeout,Timeout,Timeout,Timeout,Timeout,Timeout,Timeout,Timeout
8,2,Timeout,Timeout,Timeout,Timeout,Timeout,Timeout,Timeout,Timeout,Timeout,Timeout,Timeout,Timeout,Timeout,Timeout,Timeout,Timeout,Timeout,Timeout,Timeout,Timeout,Timeout
8,2,Timeout,Timeout,Timeout,Timeout,Timeout,Timeout,Timeout,Timeout,Timeout,Timeout,Timeout,Timeout,Timeout,Timeout,Timeout,Timeout,Timeout,Timeout,Timeout,Timeout,Timeout
8,2,62907,8302,4,54361,42062,27,427408,73706,27,619,28,139,1,527,476,85,607,67,636,1,104
8,2,4,0,0,4,3,0,628,269,4,4,3,7,5,24,23,8,16,11,26,0,13
8,2,Timeout,Timeout,Timeout,Timeout,Timeout,Timeout,Timeout,Timeout,Timeout,Timeout,Timeout,Timeout,Timeout,Timeout,Timeout,Timeout,Timeout,Timeout,Timeout,Timeout,Timeout
8,2,Timeout,Timeout,Timeout,Timeout,Timeout,Timeout,Timeout,Timeout,Timeout,Timeout,Timeout,Timeout,Timeout,Timeout,Timeout,Timeout,Timeout,Timeout,Timeout,Timeout,Timeout
8,2,7669,1664,18,6000,4882,4,118661,19228,18,157,16,52,4,287,246,37,215,63,486,1,84
8,2,Timeout,Timeout,Timeout,Timeout,Timeout,Timeout,Timeout,Timeout,Timeout,Timeout,Timeout,Timeout,Timeout,Timeout,Timeout,Timeout,Timeout,Timeout,Timeout,Timeout,Timeout
8,2,3,0,0,3,3,0,437,154,4,7,4,10,3,11,9,6,19,6,15,0,16
8,2,Timeout,Timeout,Timeout,Timeout,Timeout,Timeout,Timeout,Timeout,Timeout,Timeout,Timeout,Timeout,Timeout,Timeout,Timeout,Timeout,Timeout,Timeout,Timeout,Timeout,Timeout
8,2,Timeout,Timeout,Timeout,Timeout,Timeout,Timeout,Timeout,Timeout,Timeout,Timeout,Timeout,Timeout,Timeout,Timeout,Timeout,Timeout,Timeout,Timeout,Timeout,Timeout,Timeout
8,2,Timeout,Timeout,Timeout,Timeout,Timeout,Timeout,Timeout,Timeout,Timeout,Timeout,Timeout,Timeout,Timeout,Timeout,Timeout,Timeout,Timeout,Timeout,Timeout,Timeout,Timeout
8,2,502,52,1,449,330,0,17214,9105,8,34,8,2,22,49,47,32,111,42,111,1,30
8,2,Timeout,Timeout,Timeout,Timeout,Timeout,Timeout,Timeout,Timeout,Timeout,Timeout,Timeout,Timeout,Timeout,Timeout,Timeout,Timeout,Timeout,Timeout,Timeout,Timeout,Timeout
8,2,3,0,0,3,1,0,308,177,4,6,3,6,3,6,5,7,18,11,5,0,14
8,2,Timeout,Timeout,Timeout,Timeout,Timeout,Timeout,Timeout,Timeout,Timeout,Timeout,Timeout,Timeout,Timeout,Timeout,Timeout,Timeout,Timeout,Timeout,Timeout,Timeout,Timeout
8,2,Timeout,Timeout,Timeout,Timeout,Timeout,Timeout,Timeout,Timeout,Timeout,Timeout,Timeout,Timeout,Timeout,Timeout,Timeout,Timeout,Timeout,Timeout,Timeout,Timeout,Timeout
8,2,15,1,0,14,10,0,1156,762,6,11,5,5,6,15,13,13,33,10,24,1,17
8,2,671,56,1,564,452,1,26551,5262,10,44,10,24,1,169,155,22,82,33,287,1,48
8,2,Timeout,Timeout,Timeout,Timeout,Timeout,Timeout,Timeout,Timeout,Timeout,Timeout,Timeout,Timeout,Timeout,Timeout,Timeout,Timeout,Timeout,Timeout,Timeout,Timeout,Timeout
8,2,Timeout,Timeout,Timeout,Timeout,Timeout,Timeout,Timeout,Timeout,Timeout,Timeout,Timeout,Timeout,Timeout,Timeout,Timeout,Timeout,Timeout,Timeout,Timeout,Timeout,Timeout
8,2,Timeout,Timeout,Timeout,Timeout,Timeout,Timeout,Timeout,Timeout,Timeout,Timeout,Timeout,Timeout,Timeout,Timeout,Timeout,Timeout,Timeout,Timeout,Timeout,Timeout,Timeout
8,2,Timeout,Timeout,Timeout,Timeout,Timeout,Timeout,Timeout,Timeout,Timeout,Timeout,Timeout,Timeout,Timeout,Timeout,Timeout,Timeout,Timeout,Timeout,Timeout,Timeout,Timeout
8,2,4,3,0,2,2,0,254,147,4,4,3,5,3,9,7,4,14,9,7,1,11
8,2,Timeout,Timeout,Timeout,Timeout,Timeout,Timeout,Timeout,Timeout,Timeout,Timeout,Timeout,Timeout,Timeout,Timeout,Timeout,Timeout,Timeout,Timeout,Timeout,Timeout,Timeout
8,2,Timeout,Timeout,Timeout,Timeout,Timeout,Timeout,Timeout,Timeout,Timeout,Timeout,Timeout,Timeout,Timeout,Timeout,Timeout,Timeout,Timeout,Timeout,Timeout,Timeout,Timeout
8,2,Timeout,Timeout,Timeout,Timeout,Timeout,Timeout,Timeout,Timeout,Timeout,Timeout,Timeout,Timeout,Timeout,Timeout,Timeout,Timeout,Timeout,Timeout,Timeout,Timeout,Timeout
8,2,Timeout,Timeout,Timeout,Timeout,Timeout,Timeout,Timeout,Timeout,Timeout,Timeout,Timeout,Timeout,Timeout,Timeout,Timeout,Timeout,Timeout,Timeout,Timeout,Timeout,Timeout
8,2,Timeout,Timeout,Timeout,Timeout,Timeout,Timeout,Timeout,Timeout,Timeout,Timeout,Timeout,Timeout,Timeout,Timeout,Timeout,Timeout,Timeout,Timeout,Timeout,Timeout,Timeout
8,2,Timeout,Timeout,Timeout,Timeout,Timeout,Timeout,Timeout,Timeout,Timeout,Timeout,Timeout,Timeout,Timeout,Timeout,Timeout,Timeout,Timeout,Timeout,Timeout,Timeout,Timeout
8,2,2,0,0,1,0,0,62,13,3,2,2,2,2,2,1,4,8,4,2,1,5
8,2,Timeout,Timeout,Timeout,Timeout,Timeout,Timeout,Timeout,Timeout,Timeout,Timeout,Timeout,Timeout,Timeout,Timeout,Timeout,Timeout,Timeout,Timeout,Timeout,Timeout,Timeout
8,2,Timeout,Timeout,Timeout,Timeout,Timeout,Timeout,Timeout,Timeout,Timeout,Timeout,Timeout,Timeout,Timeout,Timeout,Timeout,Timeout,Timeout,Timeout,Timeout,Timeout,Timeout
8,2,Timeout,Timeout,Timeout,Timeout,Timeout,Timeout,Timeout,Timeout,Timeout,Timeout,Timeout,Timeout,Timeout,Timeout,Timeout,Timeout,Timeout,Timeout,Timeout,Timeout,Timeout
8,2,38857,101,4,38588,29285,8,353826,39826,25,385,25,86,7,594,532,48,391,87,815,1,49
8,2,0,0,0,0,0,0,11,2,1,2,2,1,0,1,0,1,3,2,0,1,2
8,2,31530,13363,3,18151,11768,11,187641,121474,26,410,25,81,6,211,157,68,631,101,197,1,160
8,2,Timeout,Timeout,Timeout,Timeout,Timeout,Timeout,Timeout,Timeout,Timeout,Timeout,Timeout,Timeout,Timeout,Timeout,Timeout,Timeout,Timeout,Timeout,Timeout,Timeout,Timeout
8,2,Timeout,Timeout,Timeout,Timeout,Timeout,Timeout,Timeout,Timeout,Timeout,Timeout,Timeout,Timeout,Timeout,Timeout,Timeout,Timeout,Timeout,Timeout,Timeout,Timeout,Timeout
8,2,50971,24569,4,25768,20836,17,350750,32305,27,525,25,92,6,414,371,70,401,71,801,1,152
8,2,259776,2127,10,257615,202086,28,1042949,109212,36,604,34,144,18,1302,1248,66,699,127,1364,1,88
8,2,Timeout,Timeout,Timeout,Timeout,Timeout,Timeout,Timeout,Timeout,Timeout,Timeout,Timeout,Timeout,Timeout,Timeout,Timeout,Timeout,Timeout,Timeout,Timeout,Timeout,Timeout
8,2,Timeout,Timeout,Timeout,Timeout,Timeout,Timeout,Timeout,Timeout,Timeout,Timeout,Timeout,Timeout,Timeout,Timeout,Timeout,Timeout,Timeout,Timeout,Timeout,Timeout,Timeout
8,2,43670,3100,3,40308,30111,8,384512,59404,23,348,23,52,3,645,578,87,395,81,890,1,88
8,2,Timeout,Timeout,Timeout,Timeout,Timeout,Timeout,Timeout,Timeout,Timeout,Timeout,Timeout,Timeout,Timeout,Timeout,Timeout,Timeout,Timeout,Timeout,Timeout,Timeout,Timeout
8,2,Timeout,Timeout,Timeout,Timeout,Timeout,Timeout,Timeout,Timeout,Timeout,Timeout,Timeout,Timeout,Timeout,Timeout,Timeout,Timeout,Timeout,Timeout,Timeout,Timeout,Timeout
8,2,Timeout,Timeout,Timeout,Timeout,Timeout,Timeout,Timeout,Timeout,Timeout,Timeout,Timeout,Timeout,Timeout,Timeout,Timeout,Timeout,Timeout,Timeout,Timeout,Timeout,Timeout
8,2,Timeout,Timeout,Timeout,Timeout,Timeout,Timeout,Timeout,Timeout,Timeout,Timeout,Timeout,Timeout,Timeout,Timeout,Timeout,Timeout,Timeout,Timeout,Timeout,Timeout,Timeout
8,2,17,0,0,2,2,0,165,43,4,4,3,4,3,5,3,10,13,8,3,2,8
8,2,Timeout,Timeout,Timeout,Timeout,Timeout,Timeout,Timeout,Timeout,Timeout,Timeout,Timeout,Timeout,Timeout,Timeout,Timeout,Timeout,Timeout,Timeout,Timeout,Timeout,Timeout
8,2,Timeout,Timeout,Timeout,Timeout,Timeout,Timeout,Timeout,Timeout,Timeout,Timeout,Timeout,Timeout,Timeout,Timeout,Timeout,Timeout,Timeout,Timeout,Timeout,Timeout,Timeout
8,2,Timeout,Timeout,Timeout,Timeout,Timeout,Timeout,Timeout,Timeout,Timeout,Timeout,Timeout,Timeout,Timeout,Timeout,Timeout,Timeout,Timeout,Timeout,Timeout,Timeout,Timeout
8,2,Timeout,Timeout,Timeout,Timeout,Timeout,Timeout,Timeout,Timeout,Timeout,Timeout,Timeout,Timeout,Timeout,Timeout,Timeout,Timeout,Timeout,Timeout,Timeout,Timeout,Timeout
8,2,Timeout,Timeout,Timeout,Timeout,Timeout,Timeout,Timeout,Timeout,Timeout,Timeout,Timeout,Timeout,Timeout,Timeout,Timeout,Timeout,Timeout,Timeout,Timeout,Timeout,Timeout
8,2,Timeout,Timeout,Timeout,Timeout,Timeout,Timeout,Timeout,Timeout,Timeout,Timeout,Timeout,Timeout,Timeout,Timeout,Timeout,Timeout,Timeout,Timeout,Timeout,Timeout,Timeout
8,2,1,1,0,1,1,0,129,21,4,4,3,5,4,2,2,4,12,6,3,1,10
8,2,Timeout,Timeout,Timeout,Timeout,Timeout,Timeout,Timeout,Timeout,Timeout,Timeout,Timeout,Timeout,Timeout,Timeout,Timeout,Timeout,Timeout,Timeout,Timeout,Timeout,Timeout
8,2,8,3,0,6,3,0,387,107,5,6,3,2,5,5,3,10,22,10,6,1,11
8,2,Timeout,Timeout,Timeout,Timeout,Timeout,Timeout,Timeout,Timeout,Timeout,Timeout,Timeout,Timeout,Timeout,Timeout,Timeout,Timeout,Timeout,Timeout,Timeout,Timeout,Timeout
8,2,Timeout,Timeout,Timeout,Timeout,Timeout,Timeout,Timeout,Timeout,Timeout,Timeout,Timeout,Timeout,Timeout,Timeout,Timeout,Timeout,Timeout,Timeout,Timeout,Timeout,Timeout
8,2,Timeout,Timeout,Timeout,Timeout,Timeout,Timeout,Timeout,Timeout,Timeout,Timeout,Timeout,Timeout,Timeout,Timeout,Timeout,Timeout,Timeout,Timeout,Timeout,Timeout,Timeout
8,2,Timeout,Timeout,Timeout,Timeout,Timeout,Timeout,Timeout,Timeout,Timeout,Timeout,Timeout,Timeout,Timeout,Timeout,Timeout,Timeout,Timeout,Timeout,Timeout,Timeout,Timeout
8,2,Timeout,Timeout,Timeout,Timeout,Timeout,Timeout,Timeout,Timeout,Timeout,Timeout,Timeout,Timeout,Timeout,Timeout,Timeout,Timeout,Timeout,Timeout,Timeout,Timeout,Timeout
8,2,685,30,0,656,550,0,16348,4465,9,27,8,16,3,119,107,28,84,37,156,1,25
8,2,3,3,0,1,1,0,142,38,4,4,3,3,3,4,3,4,10,9,3,1,9
8,2,2,0,0,3,2,0,285,88,5,7,4,8,3,7,6,11,17,7,8,0,15
8,2,Timeout,Timeout,Timeout,Timeout,Timeout,Timeout,Timeout,Timeout,Timeout,Timeout,Timeout,Timeout,Timeout,Timeout,Timeout,Timeout,Timeout,Timeout,Timeout,Timeout,Timeout
8,2,Timeout,Timeout,Timeout,Timeout,Timeout,Timeout,Timeout,Timeout,Timeout,Timeout,Timeout,Timeout,Timeout,Timeout,Timeout,Timeout,Timeout,Timeout,Timeout,Timeout,Timeout
8,2,2,2,0,1,1,0,166,61,1,3,2,8,1,6,4,3,12,5,7,1,11
8,2,17,0,0,17,10,0,1542,777,7,22,7,17,6,20,14,12,48,13,18,0,26
8,2,Timeout,Timeout,Timeout,Timeout,Timeout,Timeout,Timeout,Timeout,Timeout,Timeout,Timeout,Timeout,Timeout,Timeout,Timeout,Timeout,Timeout,Timeout,Timeout,Timeout,Timeout
8,2,Timeout,Timeout,Timeout,Timeout,Timeout,Timeout,Timeout,Timeout,Timeout,Timeout,Timeout,Timeout,Timeout,Timeout,Timeout,Timeout,Timeout,Timeout,Timeout,Timeout,Timeout
8,2,Timeout,Timeout,Timeout,Timeout,Timeout,Timeout,Timeout,Timeout,Timeout,Timeout,Timeout,Timeout,Timeout,Timeout,Timeout,Timeout,Timeout,Timeout,Timeout,Timeout,Timeout
8,2,Timeout,Timeout,Timeout,Timeout,Timeout,Timeout,Timeout,Timeout,Timeout,Timeout,Timeout,Timeout,Timeout,Timeout,Timeout,Timeout,Timeout,Timeout,Timeout,Timeout,Timeout
8,2,27,1,0,1,1,0,99,21,3,4,3,3,3,4,3,4,9,5,4,2,7
8,2,Timeout,Timeout,Timeout,Timeout,Timeout,Timeout,Timeout,Timeout,Timeout,Timeout,Timeout,Timeout,Timeout,Timeout,Timeout,Timeout,Timeout,Timeout,Timeout,Timeout,Timeout
8,2,1127,32,1,1091,781,2,37462,15524,11,87,12,14,13,138,132,33,168,28,193,1,49
8,2,Timeout,Timeout,Timeout,Timeout,Timeout,Timeout,Timeout,Timeout,Timeout,Timeout,Timeout,Timeout,Timeout,Timeout,Timeout,Timeout,Timeout,Timeout,Timeout,Timeout,Timeout
8,2,Timeout,Timeout,Timeout,Timeout,Timeout,Timeout,Timeout,Timeout,Timeout,Timeout,Timeout,Timeout,Timeout,Timeout,Timeout,Timeout,Timeout,Timeout,Timeout,Timeout,Timeout
8,2,Timeout,Timeout,Timeout,Timeout,Timeout,Timeout,Timeout,Timeout,Timeout,Timeout,Timeout,Timeout,Timeout,Timeout,Timeout,Timeout,Timeout,Timeout,Timeout,Timeout,Timeout
8,2,Timeout,Timeout,Timeout,Timeout,Timeout,Timeout,Timeout,Timeout,Timeout,Timeout,Timeout,Timeout,Timeout,Timeout,Timeout,Timeout,Timeout,Timeout,Timeout,Timeout,Timeout
8,2,Timeout,Timeout,Timeout,Timeout,Timeout,Timeout,Timeout,Timeout,Timeout,Timeout,Timeout,Timeout,Timeout,Timeout,Timeout,Timeout,Timeout,Timeout,Timeout,Timeout,Timeout
8,2,Timeout,Timeout,Timeout,Timeout,Timeout,Timeout,Timeout,Timeout,Timeout,Timeout,Timeout,Timeout,Timeout,Timeout,Timeout,Timeout,Timeout,Timeout,Timeout,Timeout,Timeout
8,2,Timeout,Timeout,Timeout,Timeout,Timeout,Timeout,Timeout,Timeout,Timeout,Timeout,Timeout,Timeout,Timeout,Timeout,Timeout,Timeout,Timeout,Timeout,Timeout,Timeout,Timeout
8,2,338620,1508,3,336903,299265,11,1383964,106740,30,348,26,70,25,1919,1872,49,441,111,3028,1,91
8,2,Timeout,Timeout,Timeout,Timeout,Timeout,Timeout,Timeout,Timeout,Timeout,Timeout,Timeout,Timeout,Timeout,Timeout,Timeout,Timeout,Timeout,Timeout,Timeout,Timeout,Timeout
8,2,Error,Error,Error,Error,Error,Error,Error,Error,Error,Error,Error,Error,Error,Error,Error,Error,Error,Error,Error,Error,Error
8,2,Timeout,Timeout,Timeout,Timeout,Timeout,Timeout,Timeout,Timeout,Timeout,Timeout,Timeout,Timeout,Timeout,Timeout,Timeout,Timeout,Timeout,Timeout,Timeout,Timeout,Timeout
9,2,109,39,5,72,40,1,298,109,3,5,3,6,3,6,4,8,19,9,5,1,13
9,2,Timeout,Timeout,Timeout,Timeout,Timeout,Timeout,Timeout,Timeout,Timeout,Timeout,Timeout,Timeout,Timeout,Timeout,Timeout,Timeout,Timeout,Timeout,Timeout,Timeout,Timeout
9,2,Timeout,Timeout,Timeout,Timeout,Timeout,Timeout,Timeout,Timeout,Timeout,Timeout,Timeout,Timeout,Timeout,Timeout,Timeout,Timeout,Timeout,Timeout,Timeout,Timeout,Timeout
9,2,Timeout,Timeout,Timeout,Timeout,Timeout,Timeout,Timeout,Timeout,Timeout,Timeout,Timeout,Timeout,Timeout,Timeout,Timeout,Timeout,Timeout,Timeout,Timeout,Timeout,Timeout
9,2,Timeout,Timeout,Timeout,Timeout,Timeout,Timeout,Timeout,Timeout,Timeout,Timeout,Timeout,Timeout,Timeout,Timeout,Timeout,Timeout,Timeout,Timeout,Timeout,Timeout,Timeout
9,2,4050,1039,4,2963,2060,12,55337,19667,22,356,22,46,1,104,82,53,371,62,86,1,84
9,2,Timeout,Timeout,Timeout,Timeout,Timeout,Timeout,Timeout,Timeout,Timeout,Timeout,Timeout,Timeout,Timeout,Timeout,Timeout,Timeout,Timeout,Timeout,Timeout,Timeout,Timeout
9,2,Timeout,Timeout,Timeout,Timeout,Timeout,Timeout,Timeout,Timeout,Timeout,Timeout,Timeout,Timeout,Timeout,Timeout,Timeout,Timeout,Timeout,Timeout,Timeout,Timeout,Timeout
9,2,Timeout,Timeout,Timeout,Timeout,Timeout,Timeout,Timeout,Timeout,Timeout,Timeout,Timeout,Timeout,Timeout,Timeout,Timeout,Timeout,Timeout,Timeout,Timeout,Timeout,Timeout
9,2,Timeout,Timeout,Timeout,Timeout,Timeout,Timeout,Timeout,Timeout,Timeout,Timeout,Timeout,Timeout,Timeout,Timeout,Timeout,Timeout,Timeout,Timeout,Timeout,Timeout,Timeout
9,2,Timeout,Timeout,Timeout,Timeout,Timeout,Timeout,Timeout,Timeout,Timeout,Timeout,Timeout,Timeout,Timeout,Timeout,Timeout,Timeout,Timeout,Timeout,Timeout,Timeout,Timeout
9,2,Timeout,Timeout,Timeout,Timeout,Timeout,Timeout,Timeout,Timeout,Timeout,Timeout,Timeout,Timeout,Timeout,Timeout,Timeout,Timeout,Timeout,Timeout,Timeout,Timeout,Timeout
9,2,0,1,0,0,0,0,5,1,1,2,2,1,0,0,0,0,2,1,0,1,1
9,2,Timeout,Timeout,Timeout,Timeout,Timeout,Timeout,Timeout,Timeout,Timeout,Timeout,Timeout,Timeout,Timeout,Timeout,Timeout,Timeout,Timeout,Timeout,Timeout,Timeout,Timeout
9,2,Timeout,Timeout,Timeout,Timeout,Timeout,Timeout,Timeout,Timeout,Timeout,Timeout,Timeout,Timeout,Timeout,Timeout,Timeout,Timeout,Timeout,Timeout,Timeout,Timeout,Timeout
9,2,29,0,0,28,19,0,2513,769,10,16,6,17,9,21,21,11,48,16,35,0,27
9,2,Timeout,Timeout,Timeout,Timeout,Timeout,Timeout,Timeout,Timeout,Timeout,Timeout,Timeout,Timeout,Timeout,Timeout,Timeout,Timeout,Timeout,Timeout,Timeout,Timeout,Timeout
9,2,Timeout,Timeout,Timeout,Timeout,Timeout,Timeout,Timeout,Timeout,Timeout,Timeout,Timeout,Timeout,Timeout,Timeout,Timeout,Timeout,Timeout,Timeout,Timeout,Timeout,Timeout
9,2,Timeout,Timeout,Timeout,Timeout,Timeout,Timeout,Timeout,Timeout,Timeout,Timeout,Timeout,Timeout,Timeout,Timeout,Timeout,Timeout,Timeout,Timeout,Timeout,Timeout,Timeout
9,2,114,76,0,37,24,0,2535,1010,9,37,9,22,4,27,20,20,68,13,23,1,36
9,2,Timeout,Timeout,Timeout,Timeout,Timeout,Timeout,Timeout,Timeout,Timeout,Timeout,Timeout,Timeout,Timeout,Timeout,Timeout,Timeout,Timeout,Timeout,Timeout,Timeout,Timeout
9,2,Timeout,Timeout,Timeout,Timeout,Timeout,Timeout,Timeout,Timeout,Timeout,Timeout,Timeout,Timeout,Timeout,Timeout,Timeout,Timeout,Timeout,Timeout,Timeout,Timeout,Timeout
9,2,Timeout,Timeout,Timeout,Timeout,Timeout,Timeout,Timeout,Timeout,Timeout,Timeout,Timeout,Timeout,Timeout,Timeout,Timeout,Timeout,Timeout,Timeout,Timeout,Timeout,Timeout
9,2,Error,Error,Error,Error,Error,Error,Error,Error,Error,Error,Error,Error,Error,Error,Error,Error,Error,Error,Error,Error,Error
9,2,331352,3723,3,327585,305154,32,1246035,73049,29,446,27,49,57,1361,1336,100,763,118,1513,1,90
9,2,14,1,1,13,9,0,1092,1066,4,10,4,15,4,17,14,12,31,16,20,0,22
9,2,Timeout,Timeout,Timeout,Timeout,Timeout,Timeout,Timeout,Timeout,Timeout,Timeout,Timeout,Timeout,Timeout,Timeout,Timeout,Timeout,Timeout,Timeout,Timeout,Timeout,Timeout
9,2,24425,1728,9,21137,12758,19,232407,48459,30,413,29,126,26,178,144,56,560,83,331,1,80
9,2,Timeout,Timeout,Timeout,Timeout,Timeout,Timeout,Timeout,Timeout,Timeout,Timeout,Timeout,Timeout,Timeout,Timeout,Timeout,Timeout,Timeout,Timeout,Timeout,Timeout,Timeout
9,2,Timeout,Timeout,Timeout,Timeout,Timeout,Timeout,Timeout,Timeout,Timeout,Timeout,Timeout,Timeout,Timeout,Timeout,Timeout,Timeout,Timeout,Timeout,Timeout,Timeout,Timeout
9,2,Timeout,Timeout,Timeout,Timeout,Timeout,Timeout,Timeout,Timeout,Timeout,Timeout,Timeout,Timeout,Timeout,Timeout,Timeout,Timeout,Timeout,Timeout,Timeout,Timeout,Timeout
9,2,8027,5516,5,2335,1777,6,80740,1462,23,255,23,8,58,45,44,46,262,62,244,1,112
9,2,Timeout,Timeout,Timeout,Timeout,Timeout,Timeout,Timeout,Timeout,Timeout,Timeout,Timeout,Timeout,Timeout,Timeout,Timeout,Timeout,Timeout,Timeout,Timeout,Timeout,Timeout
9,2,2,2,0,1,1,0,119,48,2,5,3,2,5,3,3,6,9,6,5,1,8
9,2,54543,7163,13,47069,37245,216,431717,125434,48,2525,48,102,32,363,307,93,1277,98,239,1,136
9,2,Timeout,Timeout,Timeout,Timeout,Timeout,Timeout,Timeout,Timeout,Timeout,Timeout,Timeout,Timeout,Timeout,Timeout,Timeout,Timeout,Timeout,Timeout,Timeout,Timeout,Timeout
9,2,Timeout,Timeout,Timeout,Timeout,Timeout,Timeout,Timeout,Timeout,Timeout,Timeout,Timeout,Timeout,Timeout,Timeout,Timeout,Timeout,Timeout,Timeout,Timeout,Timeout,Timeout
9,2,Timeout,Timeout,Timeout,Timeout,Timeout,Timeout,Timeout,Timeout,Timeout,Timeout,Timeout,Timeout,Timeout,Timeout,Timeout,Timeout,Timeout,Timeout,Timeout,Timeout,Timeout
9,2,Timeout,Timeout,Timeout,Timeout,Timeout,Timeout,Timeout,Timeout,Timeout,Timeout,Timeout,Timeout,Timeout,Timeout,Timeout,Timeout,Timeout,Timeout,Timeout,Timeout,Timeout
9,2,Timeout,Timeout,Timeout,Timeout,Timeout,Timeout,Timeout,Timeout,Timeout,Timeout,Timeout,Timeout,Timeout,Timeout,Timeout,Timeout,Timeout,Timeout,Timeout,Timeout,Timeout
9,2,492,138,2,351,249,3,20037,6714,12,51,10,30,5,100,90,22,107,29,156,1,56
9,2,Timeout,Timeout,Timeout,Timeout,Timeout,Timeout,Timeout,Timeout,Timeout,Timeout,Timeout,Timeout,Timeout,Timeout,Timeout,Timeout,Timeout,Timeout,Timeout,Timeout,Timeout
9,2,Timeout,Timeout,Timeout,Timeout,Timeout,Timeout,Timeout,Timeout,Timeout,Timeout,Timeout,Timeout,Timeout,Timeout,Timeout,Timeout,Timeout,Timeout,Timeout,Timeout,Timeout
9,2,Timeout,Timeout,Timeout,Timeout,Timeout,Timeout,Timeout,Timeout,Timeout,Timeout,Timeout,Timeout,Timeout,Timeout,Timeout,Timeout,Timeout,Timeout,Timeout,Timeout,Timeout
9,2,Timeout,Timeout,Timeout,Timeout,Timeout,Timeout,Timeout,Timeout,Timeout,Timeout,Timeout,Timeout,Timeout,Timeout,Timeout,Timeout,Timeout,Timeout,Timeout,Timeout,Timeout
9,2,Timeout,Timeout,Timeout,Timeout,Timeout,Timeout,Timeout,Timeout,Timeout,Timeout,Timeout,Timeout,Timeout,Timeout,Timeout,Timeout,Timeout,Timeout,Timeout,Timeout,Timeout
9,2,Timeout,Timeout,Timeout,Timeout,Timeout,Timeout,Timeout,Timeout,Timeout,Timeout,Timeout,Timeout,Timeout,Timeout,Timeout,Timeout,Timeout,Timeout,Timeout,Timeout,Timeout
9,2,Timeout,Timeout,Timeout,Timeout,Timeout,Timeout,Timeout,Timeout,Timeout,Timeout,Timeout,Timeout,Timeout,Timeout,Timeout,Timeout,Timeout,Timeout,Timeout,Timeout,Timeout
9,2,Timeout,Timeout,Timeout,Timeout,Timeout,Timeout,Timeout,Timeout,Timeout,Timeout,Timeout,Timeout,Timeout,Timeout,Timeout,Timeout,Timeout,Timeout,Timeout,Timeout,Timeout
9,2,Timeout,Timeout,Timeout,Timeout,Timeout,Timeout,Timeout,Timeout,Timeout,Timeout,Timeout,Timeout,Timeout,Timeout,Timeout,Timeout,Timeout,Timeout,Timeout,Timeout,Timeout
9,2,Timeout,Timeout,Timeout,Timeout,Timeout,Timeout,Timeout,Timeout,Timeout,Timeout,Timeout,Timeout,Timeout,Timeout,Timeout,Timeout,Timeout,Timeout,Timeout,Timeout,Timeout
9,2,Timeout,Timeout,Timeout,Timeout,Timeout,Timeout,Timeout,Timeout,Timeout,Timeout,Timeout,Timeout,Timeout,Timeout,Timeout,Timeout,Timeout,Timeout,Timeout,Timeout,Timeout
9,2,18,0,0,17,12,0,1894,354,8,11,5,7,7,22,20,12,37,13,36,1,16
9,2,Timeout,Timeout,Timeout,Timeout,Timeout,Timeout,Timeout,Timeout,Timeout,Timeout,Timeout,Timeout,Timeout,Timeout,Timeout,Timeout,Timeout,Timeout,Timeout,Timeout,Timeout
9,2,Timeout,Timeout,Timeout,Timeout,Timeout,Timeout,Timeout,Timeout,Timeout,Timeout,Timeout,Timeout,Timeout,Timeout,Timeout,Timeout,Timeout,Timeout,Timeout,Timeout,Timeout
9,2,Timeout,Timeout,Timeout,Timeout,Timeout,Timeout,Timeout,Timeout,Timeout,Timeout,Timeout,Timeout,Timeout,Timeout,Timeout,Timeout,Timeout,Timeout,Timeout,Timeout,Timeout
9,2,Timeout,Timeout,Timeout,Timeout,Timeout,Timeout,Timeout,Timeout,Timeout,Timeout,Timeout,Timeout,Timeout,Timeout,Timeout,Timeout,Timeout,Timeout,Timeout,Timeout,Timeout
9,2,Timeout,Timeout,Timeout,Timeout,Timeout,Timeout,Timeout,Timeout,Timeout,Timeout,Timeout,Timeout,Timeout,Timeout,Timeout,Timeout,Timeout,Timeout,Timeout,Timeout,Timeout
9,2,Timeout,Timeout,Timeout,Timeout,Timeout,Timeout,Timeout,Timeout,Timeout,Timeout,Timeout,Timeout,Timeout,Timeout,Timeout,Timeout,Timeout,Timeout,Timeout,Timeout,Timeout
9,2,Timeout,Timeout,Timeout,Timeout,Timeout,Timeout,Timeout,Timeout,Timeout,Timeout,Timeout,Timeout,Timeout,Timeout,Timeout,Timeout,Timeout,Timeout,Timeout,Timeout,Timeout
9,2,Timeout,Timeout,Timeout,Timeout,Timeout,Timeout,Timeout,Timeout,Timeout,Timeout,Timeout,Timeout,Timeout,Timeout,Timeout,Timeout,Timeout,Timeout,Timeout,Timeout,Timeout
9,2,Timeout,Timeout,Timeout,Timeout,Timeout,Timeout,Timeout,Timeout,Timeout,Timeout,Timeout,Timeout,Timeout,Timeout,Timeout,Timeout,Timeout,Timeout,Timeout,Timeout,Timeout
9,2,2,1,0,1,0,0,39,10,3,4,3,3,2,0,0,3,9,3,0,2,6
9,2,22,0,0,10,8,0,945,440,2,6,3,14,2,30,26,6,22,10,32,0,20
9,2,Timeout,Timeout,Timeout,Timeout,Timeout,Timeout,Timeout,Timeout,Timeout,Timeout,Timeout,Timeout,Timeout,Timeout,Timeout,Timeout,Timeout,Timeout,Timeout,Timeout,Timeout
9,2,18698,0,0,18698,18695,0,1624,559,5,10,4,10,3,29,24,10,32,10,39,0,21
9,2,Timeout,Timeout,Timeout,Timeout,Timeout,Timeout,Timeout,Timeout,Timeout,Timeout,Timeout,Timeout,Timeout,Timeout,Timeout,Timeout,Timeout,Timeout,Timeout,Timeout,Timeout
9,2,Timeout,Timeout,Timeout,Timeout,Timeout,Timeout,Timeout,Timeout,Timeout,Timeout,Timeout,Timeout,Timeout,Timeout,Timeout,Timeout,Timeout,Timeout,Timeout,Timeout,Timeout
9,2,Timeout,Timeout,Timeout,Timeout,Timeout,Timeout,Timeout,Timeout,Timeout,Timeout,Timeout,Timeout,Timeout,Timeout,Timeout,Timeout,Timeout,Timeout,Timeout,Timeout,Timeout
9,2,Timeout,Timeout,Timeout,Timeout,Timeout,Timeout,Timeout,Timeout,Timeout,Timeout,Timeout,Timeout,Timeout,Timeout,Timeout,Timeout,Timeout,Timeout,Timeout,Timeout,Timeout
9,2,Timeout,Timeout,Timeout,Timeout,Timeout,Timeout,Timeout,Timeout,Timeout,Timeout,Timeout,Timeout,Timeout,Timeout,Timeout,Timeout,Timeout,Timeout,Timeout,Timeout,Timeout
9,2,Error,Error,Error,Error,Error,Error,Error,Error,Error,Error,Error,Error,Error,Error,Error,Error,Error,Error,Error,Error,Error
9,2,0,0,0,0,0,0,0,0,0,1,1,0,0,0,0,0,0,0,0,0,1
9,2,Timeout,Timeout,Timeout,Timeout,Timeout,Timeout,Timeout,Timeout,Timeout,Timeout,Timeout,Timeout,Timeout,Timeout,Timeout,Timeout,Timeout,Timeout,Timeout,Timeout,Timeout
9,2,Timeout,Timeout,Timeout,Timeout,Timeout,Timeout,Timeout,Timeout,Timeout,Timeout,Timeout,Timeout,Timeout,Timeout,Timeout,Timeout,Timeout,Timeout,Timeout,Timeout,Timeout
9,2,613,251,1,357,221,3,19241,4949,14,109,14,23,5,81,68,27,152,32,93,1,72
9,2,3983,1209,2,2751,1514,4,65959,29248,21,198,19,36,11,125,93,54,394,59,108,1,88
9,2,Timeout,Timeout,Timeout,Timeout,Timeout,Timeout,Timeout,Timeout,Timeout,Timeout,Timeout,Timeout,Timeout,Timeout,Timeout,Timeout,Timeout,Timeout,Timeout,Timeout,Timeout
9,2,Timeout,Timeout,Timeout,Timeout,Timeout,Timeout,Timeout,Timeout,Timeout,Timeout,Timeout,Timeout,Timeout,Timeout,Timeout,Timeout,Timeout,Timeout,Timeout,Timeout,Timeout
9,2,Timeout,Timeout,Timeout,Timeout,Timeout,Timeout,Timeout,Timeout,Timeout,Timeout,Timeout,Timeout,Timeout,Timeout,Timeout,Timeout,Timeout,Timeout,Timeout,Timeout,Timeout
9,2,Timeout,Timeout,Timeout,Timeout,Timeout,Timeout,Timeout,Timeout,Timeout,Timeout,Timeout,Timeout,Timeout,Timeout,Timeout,Timeout,Timeout,Timeout,Timeout,Timeout,Timeout
9,2,Timeout,Timeout,Timeout,Timeout,Timeout,Timeout,Timeout,Timeout,Timeout,Timeout,Timeout,Timeout,Timeout,Timeout,Timeout,Timeout,Timeout,Timeout,Timeout,Timeout,Timeout
9,2,Timeout,Timeout,Timeout,Timeout,Timeout,Timeout,Timeout,Timeout,Timeout,Timeout,Timeout,Timeout,Timeout,Timeout,Timeout,Timeout,Timeout,Timeout,Timeout,Timeout,Timeout
9,2,Timeout,Timeout,Timeout,Timeout,Timeout,Timeout,Timeout,Timeout,Timeout,Timeout,Timeout,Timeout,Timeout,Timeout,Timeout,Timeout,Timeout,Timeout,Timeout,Timeout,Timeout
9,2,Timeout,Timeout,Timeout,Timeout,Timeout,Timeout,Timeout,Timeout,Timeout,Timeout,Timeout,Timeout,Timeout,Timeout,Timeout,Timeout,Timeout,Timeout,Timeout,Timeout,Timeout
9,2,Timeout,Timeout,Timeout,Timeout,Timeout,Timeout,Timeout,Timeout,Timeout,Timeout,Timeout,Timeout,Timeout,Timeout,Timeout,Timeout,Timeout,Timeout,Timeout,Timeout,Timeout
9,2,Timeout,Timeout,Timeout,Timeout,Timeout,Timeout,Timeout,Timeout,Timeout,Timeout,Timeout,Timeout,Timeout,Timeout,Timeout,Timeout,Timeout,Timeout,Timeout,Timeout,Timeout
9,2,6,2,0,4,2,0,374,120,3,7,4,15,1,16,11,4,20,9,8,1,17
9,2,Timeout,Timeout,Timeout,Timeout,Timeout,Timeout,Timeout,Timeout,Timeout,Timeout,Timeout,Timeout,Timeout,Timeout,Timeout,Timeout,Timeout,Timeout,Timeout,Timeout,Timeout
9,2,Timeout,Timeout,Timeout,Timeout,Timeout,Timeout,Timeout,Timeout,Timeout,Timeout,Timeout,Timeout,Timeout,Timeout,Timeout,Timeout,Timeout,Timeout,Timeout,Timeout,Timeout
9,2,Timeout,Timeout,Timeout,Timeout,Timeout,Timeout,Timeout,Timeout,Timeout,Timeout,Timeout,Timeout,Timeout,Timeout,Timeout,Timeout,Timeout,Timeout,Timeout,Timeout,Timeout
9,2,Timeout,Timeout,Timeout,Timeout,Timeout,Timeout,Timeout,Timeout,Timeout,Timeout,Timeout,Timeout,Timeout,Timeout,Timeout,Timeout,Timeout,Timeout,Timeout,Timeout,Timeout
9,2,Timeout,Timeout,Timeout,Timeout,Timeout,Timeout,Timeout,Timeout,Timeout,Timeout,Timeout,Timeout,Timeout,Timeout,Timeout,Timeout,Timeout,Timeout,Timeout,Timeout,Timeout
9,2,Timeout,Timeout,Timeout,Timeout,Timeout,Timeout,Timeout,Timeout,Timeout,Timeout,Timeout,Timeout,Timeout,Timeout,Timeout,Timeout,Timeout,Timeout,Timeout,Timeout,Timeout
9,2,Timeout,Timeout,Timeout,Timeout,Timeout,Timeout,Timeout,Timeout,Timeout,Timeout,Timeout,Timeout,Timeout,Timeout,Timeout,Timeout,Timeout,Timeout,Timeout,Timeout,Timeout
9,2,Timeout,Timeout,Timeout,Timeout,Timeout,Timeout,Timeout,Timeout,Timeout,Timeout,Timeout,Timeout,Timeout,Timeout,Timeout,Timeout,Timeout,Timeout,Timeout,Timeout,Timeout
9,2,Timeout,Timeout,Timeout,Timeout,Timeout,Timeout,Timeout,Timeout,Timeout,Timeout,Timeout,Timeout,Timeout,Timeout,Timeout,Timeout,Timeout,Timeout,Timeout,Timeout,Timeout
9,2,Timeout,Timeout,Timeout,Timeout,Timeout,Timeout,Timeout,Timeout,Timeout,Timeout,Timeout,Timeout,Timeout,Timeout,Timeout,Timeout,Timeout,Timeout,Timeout,Timeout,Timeout
9,2,12,0,0,4,3,0,454,282,4,7,4,13,2,13,11,8,21,8,12,0,18
9,2,Timeout,Timeout,Timeout,Timeout,Timeout,Timeout,Timeout,Timeout,Timeout,Timeout,Timeout,Timeout,Timeout,Timeout,Timeout,Timeout,Timeout,Timeout,Timeout,Timeout,Timeout
10,2,Timeout,Timeout,Timeout,Timeout,Timeout,Timeout,Timeout,Timeout,Timeout,Timeout,Timeout,Timeout,Timeout,Timeout,Timeout,Timeout,Timeout,Timeout,Timeout,Timeout,Timeout
10,2,Timeout,Timeout,Timeout,Timeout,Timeout,Timeout,Timeout,Timeout,Timeout,Timeout,Timeout,Timeout,Timeout,Timeout,Timeout,Timeout,Timeout,Timeout,Timeout,Timeout,Timeout
10,2,Timeout,Timeout,Timeout,Timeout,Timeout,Timeout,Timeout,Timeout,Timeout,Timeout,Timeout,Timeout,Timeout,Timeout,Timeout,Timeout,Timeout,Timeout,Timeout,Timeout,Timeout
10,2,Timeout,Timeout,Timeout,Timeout,Timeout,Timeout,Timeout,Timeout,Timeout,Timeout,Timeout,Timeout,Timeout,Timeout,Timeout,Timeout,Timeout,Timeout,Timeout,Timeout,Timeout
10,2,3,1,0,3,2,0,237,65,3,3,2,4,4,6,4,5,14,9,6,2,10
10,2,Timeout,Timeout,Timeout,Timeout,Timeout,Timeout,Timeout,Timeout,Timeout,Timeout,Timeout,Timeout,Timeout,Timeout,Timeout,Timeout,Timeout,Timeout,Timeout,Timeout,Timeout
10,2,Timeout,Timeout,Timeout,Timeout,Timeout,Timeout,Timeout,Timeout,Timeout,Timeout,Timeout,Timeout,Timeout,Timeout,Timeout,Timeout,Timeout,Timeout,Timeout,Timeout,Timeout
10,2,Timeout,Timeout,Timeout,Timeout,Timeout,Timeout,Timeout,Timeout,Timeout,Timeout,Timeout,Timeout,Timeout,Timeout,Timeout,Timeout,Timeout,Timeout,Timeout,Timeout,Timeout
10,2,Timeout,Timeout,Timeout,Timeout,Timeout,Timeout,Timeout,Timeout,Timeout,Timeout,Timeout,Timeout,Timeout,Timeout,Timeout,Timeout,Timeout,Timeout,Timeout,Timeout,Timeout
10,2,Timeout,Timeout,Timeout,Timeout,Timeout,Timeout,Timeout,Timeout,Timeout,Timeout,Timeout,Timeout,Timeout,Timeout,Timeout,Timeout,Timeout,Timeout,Timeout,Timeout,Timeout
10,2,Timeout,Timeout,Timeout,Timeout,Timeout,Timeout,Timeout,Timeout,Timeout,Timeout,Timeout,Timeout,Timeout,Timeout,Timeout,Timeout,Timeout,Timeout,Timeout,Timeout,Timeout
10,2,Timeout,Timeout,Timeout,Timeout,Timeout,Timeout,Timeout,Timeout,Timeout,Timeout,Timeout,Timeout,Timeout,Timeout,Timeout,Timeout,Timeout,Timeout,Timeout,Timeout,Timeout
10,2,Timeout,Timeout,Timeout,Timeout,Timeout,Timeout,Timeout,Timeout,Timeout,Timeout,Timeout,Timeout,Timeout,Timeout,Timeout,Timeout,Timeout,Timeout,Timeout,Timeout,Timeout
10,2,Timeout,Timeout,Timeout,Timeout,Timeout,Timeout,Timeout,Timeout,Timeout,Timeout,Timeout,Timeout,Timeout,Timeout,Timeout,Timeout,Timeout,Timeout,Timeout,Timeout,Timeout
10,2,Timeout,Timeout,Timeout,Timeout,Timeout,Timeout,Timeout,Timeout,Timeout,Timeout,Timeout,Timeout,Timeout,Timeout,Timeout,Timeout,Timeout,Timeout,Timeout,Timeout,Timeout
10,2,Timeout,Timeout,Timeout,Timeout,Timeout,Timeout,Timeout,Timeout,Timeout,Timeout,Timeout,Timeout,Timeout,Timeout,Timeout,Timeout,Timeout,Timeout,Timeout,Timeout,Timeout
10,2,Timeout,Timeout,Timeout,Timeout,Timeout,Timeout,Timeout,Timeout,Timeout,Timeout,Timeout,Timeout,Timeout,Timeout,Timeout,Timeout,Timeout,Timeout,Timeout,Timeout,Timeout
10,2,Timeout,Timeout,Timeout,Timeout,Timeout,Timeout,Timeout,Timeout,Timeout,Timeout,Timeout,Timeout,Timeout,Timeout,Timeout,Timeout,Timeout,Timeout,Timeout,Timeout,Timeout
10,2,Timeout,Timeout,Timeout,Timeout,Timeout,Timeout,Timeout,Timeout,Timeout,Timeout,Timeout,Timeout,Timeout,Timeout,Timeout,Timeout,Timeout,Timeout,Timeout,Timeout,Timeout
10,2,360504,25606,11,339964,280583,54,1446510,204603,38,1009,39,167,2,772,733,130,1241,115,1049,1,135
10,2,Timeout,Timeout,Timeout,Timeout,Timeout,Timeout,Timeout,Timeout,Timeout,Timeout,Timeout,Timeout,Timeout,Timeout,Timeout,Timeout,Timeout,Timeout,Timeout,Timeout,Timeout
10,2,Timeout,Timeout,Timeout,Timeout,Timeout,Timeout,Timeout,Timeout,Timeout,Timeout,Timeout,Timeout,Timeout,Timeout,Timeout,Timeout,Timeout,Timeout,Timeout,Timeout,Timeout
10,2,Timeout,Timeout,Timeout,Timeout,Timeout,Timeout,Timeout,Timeout,Timeout,Timeout,Timeout,Timeout,Timeout,Timeout,Timeout,Timeout,Timeout,Timeout,Timeout,Timeout,Timeout
10,2,Timeout,Timeout,Timeout,Timeout,Timeout,Timeout,Timeout,Timeout,Timeout,Timeout,Timeout,Timeout,Timeout,Timeout,Timeout,Timeout,Timeout,Timeout,Timeout,Timeout,Timeout
10,2,Timeout,Timeout,Timeout,Timeout,Timeout,Timeout,Timeout,Timeout,Timeout,Timeout,Timeout,Timeout,Timeout,Timeout,Timeout,Timeout,Timeout,Timeout,Timeout,Timeout,Timeout
10,2,Timeout,Timeout,Timeout,Timeout,Timeout,Timeout,Timeout,Timeout,Timeout,Timeout,Timeout,Timeout,Timeout,Timeout,Timeout,Timeout,Timeout,Timeout,Timeout,Timeout,Timeout
10,2,Timeout,Timeout,Timeout,Timeout,Timeout,Timeout,Timeout,Timeout,Timeout,Timeout,Timeout,Timeout,Timeout,Timeout,Timeout,Timeout,Timeout,Timeout,Timeout,Timeout,Timeout
10,2,Timeout,Timeout,Timeout,Timeout,Timeout,Timeout,Timeout,Timeout,Timeout,Timeout,Timeout,Timeout,Timeout,Timeout,Timeout,Timeout,Timeout,Timeout,Timeout,Timeout,Timeout
10,2,Timeout,Timeout,Timeout,Timeout,Timeout,Timeout,Timeout,Timeout,Timeout,Timeout,Timeout,Timeout,Timeout,Timeout,Timeout,Timeout,Timeout,Timeout,Timeout,Timeout,Timeout
10,2,Timeout,Timeout,Timeout,Timeout,Timeout,Timeout,Timeout,Timeout,Timeout,Timeout,Timeout,Timeout,Timeout,Timeout,Timeout,Timeout,Timeout,Timeout,Timeout,Timeout,Timeout
10,2,Timeout,Timeout,Timeout,Timeout,Timeout,Timeout,Timeout,Timeout,Timeout,Timeout,Timeout,Timeout,Timeout,Timeout,Timeout,Timeout,Timeout,Timeout,Timeout,Timeout,Timeout
10,2,Timeout,Timeout,Timeout,Timeout,Timeout,Timeout,Timeout,Timeout,Timeout,Timeout,Timeout,Timeout,Timeout,Timeout,Timeout,Timeout,Timeout,Timeout,Timeout,Timeout,Timeout
10,2,3,3,0,0,0,0,27,9,3,4,3,1,2,0,0,3,6,3,0,1,4
10,2,Timeout,Timeout,Timeout,Timeout,Timeout,Timeout,Timeout,Timeout,Timeout,Timeout,Timeout,Timeout,Timeout,Timeout,Timeout,Timeout,Timeout,Timeout,Timeout,Timeout,Timeout
10,2,Timeout,Timeout,Timeout,Timeout,Timeout,Timeout,Timeout,Timeout,Timeout,Timeout,Timeout,Timeout,Timeout,Timeout,Timeout,Timeout,Timeout,Timeout,Timeout,Timeout,Timeout
10,2,65524,40,2,65401,56773,10,548833,55076,24,372,25,70,2,764,715,49,385,92,1340,1,28
10,2,3,0,0,3,2,0,308,144,4,7,4,14,1,8,5,4,23,6,6,0,20
10,2,Timeout,Timeout,Timeout,Timeout,Timeout,Timeout,Timeout,Timeout,Timeout,Timeout,Timeout,Timeout,Timeout,Timeout,Timeout,Timeout,Timeout,Timeout,Timeout,Timeout,Timeout
10,2,Timeout,Timeout,Timeout,Timeout,Timeout,Timeout,Timeout,Timeout,Timeout,Timeout,Timeout,Timeout,Timeout,Timeout,Timeout,Timeout,Timeout,Timeout,Timeout,Timeout,Timeout
10,2,Timeout,Timeout,Timeout,Timeout,Timeout,Timeout,Timeout,Timeout,Timeout,Timeout,Timeout,Timeout,Timeout,Timeout,Timeout,Timeout,Timeout,Timeout,Timeout,Timeout,Timeout
10,2,Timeout,Timeout,Timeout,Timeout,Timeout,Timeout,Timeout,Timeout,Timeout,Timeout,Timeout,Timeout,Timeout,Timeout,Timeout,Timeout,Timeout,Timeout,Timeout,Timeout,Timeout
10,2,Timeout,Timeout,Timeout,Timeout,Timeout,Timeout,Timeout,Timeout,Timeout,Timeout,Timeout,Timeout,Timeout,Timeout,Timeout,Timeout,Timeout,Timeout,Timeout,Timeout,Timeout
10,2,Timeout,Timeout,Timeout,Timeout,Timeout,Timeout,Timeout,Timeout,Timeout,Timeout,Timeout,Timeout,Timeout,Timeout,Timeout,Timeout,Timeout,Timeout,Timeout,Timeout,Timeout
10,2,Timeout,Timeout,Timeout,Timeout,Timeout,Timeout,Timeout,Timeout,Timeout,Timeout,Timeout,Timeout,Timeout,Timeout,Timeout,Timeout,Timeout,Timeout,Timeout,Timeout,Timeout
10,2,Timeout,Timeout,Timeout,Timeout,Timeout,Timeout,Timeout,Timeout,Timeout,Timeout,Timeout,Timeout,Timeout,Timeout,Timeout,Timeout,Timeout,Timeout,Timeout,Timeout,Timeout
10,2,Timeout,Timeout,Timeout,Timeout,Timeout,Timeout,Timeout,Timeout,Timeout,Timeout,Timeout,Timeout,Timeout,Timeout,Timeout,Timeout,Timeout,Timeout,Timeout,Timeout,Timeout
10,2,Timeout,Timeout,Timeout,Timeout,Timeout,Timeout,Timeout,Timeout,Timeout,Timeout,Timeout,Timeout,Timeout,Timeout,Timeout,Timeout,Timeout,Timeout,Timeout,Timeout,Timeout
10,2,Timeout,Timeout,Timeout,Timeout,Timeout,Timeout,Timeout,Timeout,Timeout,Timeout,Timeout,Timeout,Timeout,Timeout,Timeout,Timeout,Timeout,Timeout,Timeout,Timeout,Timeout
10,2,Timeout,Timeout,Timeout,Timeout,Timeout,Timeout,Timeout,Timeout,Timeout,Timeout,Timeout,Timeout,Timeout,Timeout,Timeout,Timeout,Timeout,Timeout,Timeout,Timeout,Timeout
10,2,Timeout,Timeout,Timeout,Timeout,Timeout,Timeout,Timeout,Timeout,Timeout,Timeout,Timeout,Timeout,Timeout,Timeout,Timeout,Timeout,Timeout,Timeout,Timeout,Timeout,Timeout
10,2,27,9,0,2,2,0,206,28,4,3,2,6,4,6,3,8,18,9,1,1,12
10,2,5,3,0,2,2,0,327,45,2,3,2,8,1,10,6,7,14,10,11,1,11
10,2,Timeout,Timeout,Timeout,Timeout,Timeout,Timeout,Timeout,Timeout,Timeout,Timeout,Timeout,Timeout,Timeout,Timeout,Timeout,Timeout,Timeout,Timeout,Timeout,Timeout,Timeout
10,2,Timeout,Timeout,Timeout,Timeout,Timeout,Timeout,Timeout,Timeout,Timeout,Timeout,Timeout,Timeout,Timeout,Timeout,Timeout,Timeout,Timeout,Timeout,Timeout,Timeout,Timeout
10,2,Timeout,Timeout,Timeout,Timeout,Timeout,Timeout,Timeout,Timeout,Timeout,Timeout,Timeout,Timeout,Timeout,Timeout,Timeout,Timeout,Timeout,Timeout,Timeout,Timeout,Timeout
10,2,Timeout,Timeout,Timeout,Timeout,Timeout,Timeout,Timeout,Timeout,Timeout,Timeout,Timeout,Timeout,Timeout,Timeout,Timeout,Timeout,Timeout,Timeout,Timeout,Timeout,Timeout
10,2,Timeout,Timeout,Timeout,Timeout,Timeout,Timeout,Timeout,Timeout,Timeout,Timeout,Timeout,Timeout,Timeout,Timeout,Timeout,Timeout,Timeout,Timeout,Timeout,Timeout,Timeout
10,2,Timeout,Timeout,Timeout,Timeout,Timeout,Timeout,Timeout,Timeout,Timeout,Timeout,Timeout,Timeout,Timeout,Timeout,Timeout,Timeout,Timeout,Timeout,Timeout,Timeout,Timeout
10,2,Error,Error,Error,Error,Error,Error,Error,Error,Error,Error,Error,Error,Error,Error,Error,Error,Error,Error,Error,Error,Error
10,2,Timeout,Timeout,Timeout,Timeout,Timeout,Timeout,Timeout,Timeout,Timeout,Timeout,Timeout,Timeout,Timeout,Timeout,Timeout,Timeout,Timeout,Timeout,Timeout,Timeout,Timeout
10,2,Timeout,Timeout,Timeout,Timeout,Timeout,Timeout,Timeout,Timeout,Timeout,Timeout,Timeout,Timeout,Timeout,Timeout,Timeout,Timeout,Timeout,Timeout,Timeout,Timeout,Timeout
10,2,38868,2173,4,36623,31958,5,215312,17147,33,164,18,23,72,112,109,78,828,81,178,1,72
10,2,Timeout,Timeout,Timeout,Timeout,Timeout,Timeout,Timeout,Timeout,Timeout,Timeout,Timeout,Timeout,Timeout,Timeout,Timeout,Timeout,Timeout,Timeout,Timeout,Timeout,Timeout
10,2,Timeout,Timeout,Timeout,Timeout,Timeout,Timeout,Timeout,Timeout,Timeout,Timeout,Timeout,Timeout,Timeout,Timeout,Timeout,Timeout,Timeout,Timeout,Timeout,Timeout,Timeout
10,2,Timeout,Timeout,Timeout,Timeout,Timeout,Timeout,Timeout,Timeout,Timeout,Timeout,Timeout,Timeout,Timeout,Timeout,Timeout,Timeout,Timeout,Timeout,Timeout,Timeout,Timeout
10,2,1,1,0,1,1,0,87,28,2,4,3,5,2,5,3,2,8,5,4,1,7
10,2,Timeout,Timeout,Timeout,Timeout,Timeout,Timeout,Timeout,Timeout,Timeout,Timeout,Timeout,Timeout,Timeout,Timeout,Timeout,Timeout,Timeout,Timeout,Timeout,Timeout,Timeout
10,2,Timeout,Timeout,Timeout,Timeout,Timeout,Timeout,Timeout,Timeout,Timeout,Timeout,Timeout,Timeout,Timeout,Timeout,Timeout,Timeout,Timeout,Timeout,Timeout,Timeout,Timeout
10,2,Timeout,Timeout,Timeout,Timeout,Timeout,Timeout,Timeout,Timeout,Timeout,Timeout,Timeout,Timeout,Timeout,Timeout,Timeout,Timeout,Timeout,Timeout,Timeout,Timeout,Timeout
10,2,6,5,0,2,1,0,207,33,4,4,3,7,4,4,4,8,15,6,6,1,12
10,2,Timeout,Timeout,Timeout,Timeout,Timeout,Timeout,Timeout,Timeout,Timeout,Timeout,Timeout,Timeout,Timeout,Timeout,Timeout,Timeout,Timeout,Timeout,Timeout,Timeout,Timeout
10,2,Timeout,Timeout,Timeout,Timeout,Timeout,Timeout,Timeout,Timeout,Timeout,Timeout,Timeout,Timeout,Timeout,Timeout,Timeout,Timeout,Timeout,Timeout,Timeout,Timeout,Timeout
10,2,Timeout,Timeout,Timeout,Timeout,Timeout,Timeout,Timeout,Timeout,Timeout,Timeout,Timeout,Timeout,Timeout,Timeout,Timeout,Timeout,Timeout,Timeout,Timeout,Timeout,Timeout
10,2,Timeout,Timeout,Timeout,Timeout,Timeout,Timeout,Timeout,Timeout,Timeout,Timeout,Timeout,Timeout,Timeout,Timeout,Timeout,Timeout,Timeout,Timeout,Timeout,Timeout,Timeout
10,2,50664,17288,6,33292,28511,20,294198,27883,29,521,28,45,37,539,523,76,452,72,577,1,160
10,2,Timeout,Timeout,Timeout,Timeout,Timeout,Timeout,Timeout,Timeout,Timeout,Timeout,Timeout,Timeout,Timeout,Timeout,Timeout,Timeout,Timeout,Timeout,Timeout,Timeout,Timeout
10,2,Timeout,Timeout,Timeout,Timeout,Timeout,Timeout,Timeout,Timeout,Timeout,Timeout,Timeout,Timeout,Timeout,Timeout,Timeout,Timeout,Timeout,Timeout,Timeout,Timeout,Timeout
10,2,7,2,0,6,4,0,694,198,5,7,4,10,5,12,9,7,26,12,13,1,19
10,2,13068,446,1,12396,10959,1,170261,23797,16,133,16,14,32,490,484,41,238,39,673,1,77
10,2,Timeout,Timeout,Timeout,Timeout,Timeout,Timeout,Timeout,Timeout,Timeout,Timeout,Timeout,Timeout,Timeout,Timeout,Timeout,Timeout,Timeout,Timeout,Timeout,Timeout,Timeout
10,2,Timeout,Timeout,Timeout,Timeout,Timeout,Timeout,Timeout,Timeout,Timeout,Timeout,Timeout,Timeout,Timeout,Timeout,Timeout,Timeout,Timeout,Timeout,Timeout,Timeout,Timeout
10,2,78,0,2,78,58,0,6756,2301,5,15,5,30,5,67,61,16,53,20,106,0,39
10,2,Timeout,Timeout,Timeout,Timeout,Timeout,Timeout,Timeout,Timeout,Timeout,Timeout,Timeout,Timeout,Timeout,Timeout,Timeout,Timeout,Timeout,Timeout,Timeout,Timeout,Timeout
10,2,Timeout,Timeout,Timeout,Timeout,Timeout,Timeout,Timeout,Timeout,Timeout,Timeout,Timeout,Timeout,Timeout,Timeout,Timeout,Timeout,Timeout,Timeout,Timeout,Timeout,Timeout
10,2,Timeout,Timeout,Timeout,Timeout,Timeout,Timeout,Timeout,Timeout,Timeout,Timeout,Timeout,Timeout,Timeout,Timeout,Timeout,Timeout,Timeout,Timeout,Timeout,Timeout,Timeout
10,2,Timeout,Timeout,Timeout,Timeout,Timeout,Timeout,Timeout,Timeout,Timeout,Timeout,Timeout,Timeout,Timeout,Timeout,Timeout,Timeout,Timeout,Timeout,Timeout,Timeout,Timeout
10,2,Timeout,Timeout,Timeout,Timeout,Timeout,Timeout,Timeout,Timeout,Timeout,Timeout,Timeout,Timeout,Timeout,Timeout,Timeout,Timeout,Timeout,Timeout,Timeout,Timeout,Timeout
10,2,Timeout,Timeout,Timeout,Timeout,Timeout,Timeout,Timeout,Timeout,Timeout,Timeout,Timeout,Timeout,Timeout,Timeout,Timeout,Timeout,Timeout,Timeout,Timeout,Timeout,Timeout
10,2,Timeout,Timeout,Timeout,Timeout,Timeout,Timeout,Timeout,Timeout,Timeout,Timeout,Timeout,Timeout,Timeout,Timeout,Timeout,Timeout,Timeout,Timeout,Timeout,Timeout,Timeout
10,2,Timeout,Timeout,Timeout,Timeout,Timeout,Timeout,Timeout,Timeout,Timeout,Timeout,Timeout,Timeout,Timeout,Timeout,Timeout,Timeout,Timeout,Timeout,Timeout,Timeout,Timeout
10,2,Timeout,Timeout,Timeout,Timeout,Timeout,Timeout,Timeout,Timeout,Timeout,Timeout,Timeout,Timeout,Timeout,Timeout,Timeout,Timeout,Timeout,Timeout,Timeout,Timeout,Timeout
10,2,8152,196,2,7499,6901,3,122546,13035,16,105,14,30,4,463,440,27,149,42,775,1,72
10,2,Timeout,Timeout,Timeout,Timeout,Timeout,Timeout,Timeout,Timeout,Timeout,Timeout,Timeout,Timeout,Timeout,Timeout,Timeout,Timeout,Timeout,Timeout,Timeout,Timeout,Timeout
10,2,5,3,0,2,1,0,179,29,2,4,3,10,1,9,5,3,14,7,4,1,13
10,2,Timeout,Timeout,Timeout,Timeout,Timeout,Timeout,Timeout,Timeout,Timeout,Timeout,Timeout,Timeout,Timeout,Timeout,Timeout,Timeout,Timeout,Timeout,Timeout,Timeout,Timeout
10,2,15,1,0,15,12,0,1848,756,7,8,4,14,5,25,22,7,36,11,39,0,27
10,2,Timeout,Timeout,Timeout,Timeout,Timeout,Timeout,Timeout,Timeout,Timeout,Timeout,Timeout,Timeout,Timeout,Timeout,Timeout,Timeout,Timeout,Timeout,Timeout,Timeout,Timeout
10,2,75,7,0,68,46,0,6401,1614,9,27,8,20,5,70,60,13,57,23,87,1,40
10,2,Timeout,Timeout,Timeout,Timeout,Timeout,Timeout,Timeout,Timeout,Timeout,Timeout,Timeout,Timeout,Timeout,Timeout,Timeout,Timeout,Timeout,Timeout,Timeout,Timeout,Timeout
10,2,Timeout,Timeout,Timeout,Timeout,Timeout,Timeout,Timeout,Timeout,Timeout,Timeout,Timeout,Timeout,Timeout,Timeout,Timeout,Timeout,Timeout,Timeout,Timeout,Timeout,Timeout