Target ROCA size,Alphabet size,Total time (ms),ROCA counterexample time (ms),DFA counterexample time (ms),Learning ROCA time (ms),Table time (ms),Membership queries,Counter value queries,Partial equivalence queries,Equivalence queries,Rounds,|R|,|S U Ŝ \ S|,|S|,|Ŝ \ S|,"# of bin rows",Result target size
5,2,30,12,3,29,3,68,75,3,4,3,8,7,4,3,0,5
5,2,3,1,0,1,0,5,1,1,2,2,2,1,1,0,1,1
5,2,7,1,0,1,0,5,1,1,2,2,2,1,1,0,1,1
5,2,Timeout,Timeout,Timeout,Timeout,Timeout,Timeout,Timeout,Timeout,Timeout,Timeout,Timeout,Timeout,Timeout,Timeout,Timeout,Timeout,Timeout
5,2,3,0,0,0,0,0,0,0,1,1,0,0,0,0,0,1
5,2,406,6,1,360,0,26709,4727,12,80,12,91,290,39,251,1,32
5,2,999,15,2,921,0,45248,17029,16,159,17,278,162,45,117,1,40
5,2,13,0,0,2,0,406,255,2,8,3,19,21,9,12,1,12
5,2,Timeout,Timeout,Timeout,Timeout,Timeout,Timeout,Timeout,Timeout,Timeout,Timeout,Timeout,Timeout,Timeout,Timeout,Timeout,Timeout,Timeout
5,2,3,0,0,0,0,0,0,0,1,1,0,0,0,0,0,1
5,2,17,0,0,3,0,277,218,3,7,4,15,17,7,10,0,9
5,2,12,0,0,3,0,464,243,2,7,3,14,30,10,20,0,11
5,2,1192,49,0,1102,0,44619,14504,11,97,12,154,288,36,252,1,35
5,2,17,0,0,3,1,644,261,5,7,4,19,33,8,25,0,12
5,2,13,0,0,1,0,152,86,4,7,4,13,10,6,4,1,7
5,2,97738,6586,29,90017,0,621020,516016,79,5953,80,3548,174,164,10,1,85
5,2,3,0,0,0,0,0,0,0,1,1,0,0,0,0,0,1
5,2,20,0,0,5,2,886,390,5,7,4,22,38,8,30,0,13
5,2,502,10,3,458,29,26103,11069,15,56,11,234,111,39,72,1,35
5,2,336,17,0,286,0,16205,11903,11,56,11,88,182,29,153,1,28
5,2,1783,108,1,1625,1,74242,22768,15,134,15,312,238,57,181,1,55
5,2,Timeout,Timeout,Timeout,Timeout,Timeout,Timeout,Timeout,Timeout,Timeout,Timeout,Timeout,Timeout,Timeout,Timeout,Timeout,Timeout,Timeout
5,2,141,2,0,101,0,6737,3185,11,59,11,107,62,23,39,1,18
5,2,8,0,0,0,0,100,66,2,6,3,9,10,5,5,0,7
5,2,2,0,0,0,0,0,0,0,1,1,0,0,0,0,0,1
5,2,Timeout,Timeout,Timeout,Timeout,Timeout,Timeout,Timeout,Timeout,Timeout,Timeout,Timeout,Timeout,Timeout,Timeout,Timeout,Timeout,Timeout
5,2,60,2,1,32,0,3609,1136,9,27,8,45,78,20,58,1,16
5,2,2,0,0,0,0,0,0,0,1,1,0,0,0,0,0,1
5,2,10,0,0,2,0,255,72,5,7,4,15,15,7,8,1,8
5,2,192,7,1,156,0,14276,3455,11,71,12,91,155,33,122,1,40
5,2,1,0,0,0,0,0,0,0,1,1,0,0,0,0,0,1
5,2,40,4,0,19,1,2179,589,8,29,8,38,55,17,38,1,25
5,2,7,1,0,1,0,62,18,2,4,3,6,8,6,2,1,5
5,2,6,0,0,1,0,109,71,2,4,3,9,10,4,6,0,8
5,2,Timeout,Timeout,Timeout,Timeout,Timeout,Timeout,Timeout,Timeout,Timeout,Timeout,Timeout,Timeout,Timeout,Timeout,Timeout,Timeout,Timeout
5,2,7,0,0,0,0,5,1,1,2,2,2,1,1,0,1,1
5,2,15,0,0,0,0,239,80,6,7,4,13,17,9,8,1,8
5,2,156267,1269,2,154798,0,1489338,390055,26,515,26,942,1579,96,1483,1,60
5,2,15,0,1,2,1,79,34,4,7,4,9,7,4,3,0,7
5,2,14,0,0,3,2,450,226,5,7,4,20,22,10,12,0,14
5,2,2,0,0,0,0,0,0,0,1,1,0,0,0,0,0,1
5,2,10,0,0,0,0,77,46,3,7,4,12,5,4,1,1,7
5,2,9,0,0,3,1,282,211,3,6,3,21,12,7,5,0,10
5,2,51,4,0,27,0,2576,1257,8,35,8,80,31,16,15,1,20
5,2,4,0,0,1,0,34,1,3,2,2,6,4,4,0,2,3
5,2,Timeout,Timeout,Timeout,Timeout,Timeout,Timeout,Timeout,Timeout,Timeout,Timeout,Timeout,Timeout,Timeout,Timeout,Timeout,Timeout,Timeout
5,2,11,0,0,1,0,35,12,2,4,3,5,5,3,2,1,4
5,2,Timeout,Timeout,Timeout,Timeout,Timeout,Timeout,Timeout,Timeout,Timeout,Timeout,Timeout,Timeout,Timeout,Timeout,Timeout,Timeout,Timeout
5,2,11,0,0,1,0,44,16,3,4,3,8,4,3,1,0,7
5,2,11,0,0,2,1,154,46,3,4,3,11,12,6,6,1,8
5,2,9,0,0,1,0,48,19,2,4,3,6,6,5,1,1,5
5,2,Timeout,Timeout,Timeout,Timeout,Timeout,Timeout,Timeout,Timeout,Timeout,Timeout,Timeout,Timeout,Timeout,Timeout,Timeout,Timeout,Timeout
5,2,15209,135,7,14947,2378,354998,30460,47,525,28,1002,353,95,258,1,75
5,2,200,95,1,68,1,5216,3205,11,69,11,120,43,20,23,1,45
5,2,13,0,0,2,1,292,157,5,10,4,19,14,6,8,0,11
5,2,2848,30,1,2769,0,96236,16448,15,158,15,165,579,43,536,1,44
5,2,131,21,1,77,0,5711,1913,11,49,10,82,68,26,42,1,30
5,2,7,0,0,1,0,97,28,3,4,3,8,10,5,5,2,5
5,2,211,4,0,166,0,14807,3229,12,80,13,116,126,35,91,1,28
5,2,2,0,0,0,0,0,0,0,1,1,0,0,0,0,0,1
5,2,2,1,0,0,0,0,0,0,1,1,0,0,0,0,0,1
5,2,2526,204,3,2218,0,52101,34674,22,372,22,574,90,69,21,1,52
5,2,11,0,0,0,0,39,9,3,4,3,7,4,4,0,1,5
5,2,23,1,0,3,0,479,130,6,14,6,31,14,11,3,1,15
5,2,27534,2104,3,25297,0,414827,162208,27,616,28,1062,390,105,285,1,100
5,2,7,0,0,1,0,24,8,1,2,2,4,4,3,1,1,3
5,2,951,189,6,641,0,25641,10742,27,605,28,443,57,43,14,1,60
5,2,15,1,0,1,0,183,61,5,7,4,16,10,5,5,1,10
5,2,2517,17,1,2441,0,77979,8943,19,180,17,174,445,44,401,1,40
5,2,15,0,0,0,0,143,68,4,7,4,11,11,5,6,0,7
5,2,Timeout,Timeout,Timeout,Timeout,Timeout,Timeout,Timeout,Timeout,Timeout,Timeout,Timeout,Timeout,Timeout,Timeout,Timeout,Timeout,Timeout
5,2,60114,51,4,59918,0,649403,96125,24,361,25,626,1035,71,964,1,25
5,2,Timeout,Timeout,Timeout,Timeout,Timeout,Timeout,Timeout,Timeout,Timeout,Timeout,Timeout,Timeout,Timeout,Timeout,Timeout,Timeout,Timeout
5,2,1680,20,1,1580,0,64647,35179,16,116,15,309,209,49,160,1,32
5,2,11,0,0,2,1,62,24,3,4,3,8,6,4,2,1,4
5,2,Timeout,Timeout,Timeout,Timeout,Timeout,Timeout,Timeout,Timeout,Timeout,Timeout,Timeout,Timeout,Timeout,Timeout,Timeout,Timeout,Timeout
5,2,3587,95,0,3347,1,113607,34232,24,353,23,443,255,76,179,1,64
5,2,8624,49,3,8461,0,168572,67242,26,354,26,675,249,95,154,1,35
5,2,27,1,0,7,1,1034,413,6,21,6,30,33,10,23,1,16
5,2,2,0,0,0,0,0,0,0,1,1,0,0,0,0,0,1
5,2,Timeout,Timeout,Timeout,Timeout,Timeout,Timeout,Timeout,Timeout,Timeout,Timeout,Timeout,Timeout,Timeout,Timeout,Timeout,Timeout,Timeout
5,2,Error,Error,Error,Error,Error,Error,Error,Error,Error,Error,Error,Error,Error,Error,Error,Error,Error
5,2,2,0,0,0,0,0,0,0,1,1,0,0,0,0,0,1
5,2,8,0,0,0,0,89,100,3,4,3,9,8,4,4,0,5
5,2,10,0,0,2,0,521,300,3,6,3,20,24,11,13,1,9
5,2,7,0,0,2,0,98,22,3,4,3,10,8,5,3,1,7
5,2,51,1,1,35,0,3358,912,6,22,7,44,75,22,53,1,12
5,2,3734,85,3,3583,0,107230,17458,19,276,20,298,358,44,314,1,55
5,2,10,0,0,0,0,24,7,2,4,3,4,4,3,1,1,3
5,2,7599,206,4,7254,0,126402,58755,29,616,29,1150,109,81,28,1,64
5,2,998,15,0,916,0,45642,14482,16,152,17,204,222,64,158,1,20
5,2,Timeout,Timeout,Timeout,Timeout,Timeout,Timeout,Timeout,Timeout,Timeout,Timeout,Timeout,Timeout,Timeout,Timeout,Timeout,Timeout,Timeout
5,2,658,20,2,549,1,17569,13192,21,261,21,333,52,43,9,1,35
5,2,10,0,0,0,0,19,12,2,4,3,4,3,2,1,0,3
5,2,10,0,0,1,0,203,96,4,4,3,11,16,6,10,0,8
5,2,16,0,1,3,0,389,206,4,11,5,15,24,10,14,0,12
5,2,Timeout,Timeout,Timeout,Timeout,Timeout,Timeout,Timeout,Timeout,Timeout,Timeout,Timeout,Timeout,Timeout,Timeout,Timeout,Timeout,Timeout
5,2,Timeout,Timeout,Timeout,Timeout,Timeout,Timeout,Timeout,Timeout,Timeout,Timeout,Timeout,Timeout,Timeout,Timeout,Timeout,Timeout,Timeout
5,2,3,0,0,0,0,0,0,0,1,1,0,0,0,0,0,1
5,2,48,1,0,25,1,2933,1693,8,19,7,46,62,16,46,1,15
6,2,Timeout,Timeout,Timeout,Timeout,Timeout,Timeout,Timeout,Timeout,Timeout,Timeout,Timeout,Timeout,Timeout,Timeout,Timeout,Timeout,Timeout
6,2,11,0,0,0,0,63,20,2,4,3,7,7,5,2,1,5
6,2,10,0,0,0,0,87,22,4,4,3,10,7,6,1,1,7
6,2,12,0,0,1,0,163,134,3,7,4,13,11,6,5,0,9
6,2,11,0,1,2,0,417,89,4,7,4,21,18,7,11,1,11
6,2,5,0,0,1,0,179,189,1,3,2,8,19,5,14,0,8
6,2,7,0,0,0,0,34,14,2,4,3,6,4,3,1,1,4
6,2,600,43,0,520,0,29892,5184,11,70,12,137,216,39,177,1,42
6,2,9,0,0,1,0,62,76,2,4,3,8,6,3,3,0,5
6,2,22,1,0,7,0,1107,423,4,11,5,25,43,11,32,0,16
6,2,Timeout,Timeout,Timeout,Timeout,Timeout,Timeout,Timeout,Timeout,Timeout,Timeout,Timeout,Timeout,Timeout,Timeout,Timeout,Timeout,Timeout
6,2,152743,1525,3,151083,1,1063928,472482,28,599,27,496,2143,328,1815,1,115
6,2,83,13,1,40,0,4178,1732,10,54,10,78,52,19,33,1,35
6,2,4,0,0,1,1,80,16,2,3,2,8,8,7,1,1,7
6,2,Timeout,Timeout,Timeout,Timeout,Timeout,Timeout,Timeout,Timeout,Timeout,Timeout,Timeout,Timeout,Timeout,Timeout,Timeout,Timeout,Timeout
6,2,17056,177,1,16746,0,367352,83834,20,238,20,458,800,132,668,1,66
6,2,Timeout,Timeout,Timeout,Timeout,Timeout,Timeout,Timeout,Timeout,Timeout,Timeout,Timeout,Timeout,Timeout,Timeout,Timeout,Timeout,Timeout
6,2,Timeout,Timeout,Timeout,Timeout,Timeout,Timeout,Timeout,Timeout,Timeout,Timeout,Timeout,Timeout,Timeout,Timeout,Timeout,Timeout,Timeout
6,2,7,0,0,0,0,5,1,1,2,2,2,1,1,0,1,1
6,2,86042,1559,3,74720,2,587020,920165,29,609,28,672,873,264,609,1,100
6,2,54582,4112,4,50260,1,628536,155630,40,1355,39,1165,539,165,374,1,105
6,2,Timeout,Timeout,Timeout,Timeout,Timeout,Timeout,Timeout,Timeout,Timeout,Timeout,Timeout,Timeout,Timeout,Timeout,Timeout,Timeout,Timeout
6,2,11,0,0,0,0,79,17,3,4,3,9,7,4,3,2,5
6,2,Timeout,Timeout,Timeout,Timeout,Timeout,Timeout,Timeout,Timeout,Timeout,Timeout,Timeout,Timeout,Timeout,Timeout,Timeout,Timeout,Timeout
6,2,7,0,0,0,0,41,5,2,2,2,5,6,4,2,1,3
6,2,10,0,0,0,0,55,16,2,4,3,6,7,4,3,1,4
6,2,13,0,0,2,0,248,87,3,7,4,17,13,4,9,0,15
6,2,93,3,0,72,2,7970,1719,10,26,8,64,122,22,100,1,24
6,2,Timeout,Timeout,Timeout,Timeout,Timeout,Timeout,Timeout,Timeout,Timeout,Timeout,Timeout,Timeout,Timeout,Timeout,Timeout,Timeout,Timeout
6,2,59,3,0,30,0,2427,1440,8,33,8,78,30,19,11,1,30
6,2,40,2,0,16,0,2243,391,8,39,9,54,40,25,15,1,24
6,2,7,0,0,1,0,191,89,2,4,3,11,15,5,10,0,10
6,2,219014,1161,2,217448,0,1382957,114600,22,665,23,562,2456,125,2331,1,100
6,2,11,0,1,1,0,83,84,2,4,3,7,10,4,6,0,6
6,2,10,0,0,1,0,59,14,5,4,3,11,4,4,0,1,7
6,2,2,0,0,0,0,0,0,0,1,1,0,0,0,0,0,1
6,2,114544,8394,3,105974,0,974097,136115,34,1136,35,832,1170,98,1072,1,180
6,2,Timeout,Timeout,Timeout,Timeout,Timeout,Timeout,Timeout,Timeout,Timeout,Timeout,Timeout,Timeout,Timeout,Timeout,Timeout,Timeout,Timeout
6,2,9,0,0,1,0,138,41,3,4,3,13,9,7,2,1,6
6,2,12,0,0,2,0,244,173,3,10,4,16,14,10,4,0,12
6,2,64,2,0,42,1,4324,1585,8,35,8,55,78,27,51,1,25
6,2,Timeout,Timeout,Timeout,Timeout,Timeout,Timeout,Timeout,Timeout,Timeout,Timeout,Timeout,Timeout,Timeout,Timeout,Timeout,Timeout,Timeout
6,2,Timeout,Timeout,Timeout,Timeout,Timeout,Timeout,Timeout,Timeout,Timeout,Timeout,Timeout,Timeout,Timeout,Timeout,Timeout,Timeout,Timeout
6,2,11,0,0,0,0,62,18,4,4,3,8,6,4,2,1,5
6,2,Timeout,Timeout,Timeout,Timeout,Timeout,Timeout,Timeout,Timeout,Timeout,Timeout,Timeout,Timeout,Timeout,Timeout,Timeout,Timeout,Timeout
6,2,122,11,0,80,2,9300,2558,11,44,10,68,134,23,111,1,42
6,2,Timeout,Timeout,Timeout,Timeout,Timeout,Timeout,Timeout,Timeout,Timeout,Timeout,Timeout,Timeout,Timeout,Timeout,Timeout,Timeout,Timeout
6,2,7,0,0,0,0,3,1,1,2,2,1,1,1,0,0,1
6,2,30005,5274,3,24501,0,405794,79861,34,1204,34,715,566,106,460,1,156
6,2,Timeout,Timeout,Timeout,Timeout,Timeout,Timeout,Timeout,Timeout,Timeout,Timeout,Timeout,Timeout,Timeout,Timeout,Timeout,Timeout,Timeout
6,2,Timeout,Timeout,Timeout,Timeout,Timeout,Timeout,Timeout,Timeout,Timeout,Timeout,Timeout,Timeout,Timeout,Timeout,Timeout,Timeout,Timeout
6,2,15223,6741,6,8285,2,189985,58197,40,960,37,816,232,74,158,1,138
6,2,Timeout,Timeout,Timeout,Timeout,Timeout,Timeout,Timeout,Timeout,Timeout,Timeout,Timeout,Timeout,Timeout,Timeout,Timeout,Timeout,Timeout
6,2,13123,29,3,13028,0,287671,37115,20,194,20,246,1165,87,1078,1,50
6,2,Timeout,Timeout,Timeout,Timeout,Timeout,Timeout,Timeout,Timeout,Timeout,Timeout,Timeout,Timeout,Timeout,Timeout,Timeout,Timeout,Timeout
6,2,Timeout,Timeout,Timeout,Timeout,Timeout,Timeout,Timeout,Timeout,Timeout,Timeout,Timeout,Timeout,Timeout,Timeout,Timeout,Timeout,Timeout
6,2,11,1,0,1,1,153,32,4,4,3,12,11,4,7,1,7
6,2,Timeout,Timeout,Timeout,Timeout,Timeout,Timeout,Timeout,Timeout,Timeout,Timeout,Timeout,Timeout,Timeout,Timeout,Timeout,Timeout,Timeout
6,2,Timeout,Timeout,Timeout,Timeout,Timeout,Timeout,Timeout,Timeout,Timeout,Timeout,Timeout,Timeout,Timeout,Timeout,Timeout,Timeout,Timeout
6,2,7,0,0,2,1,234,56,3,3,2,13,16,8,8,1,9
6,2,Timeout,Timeout,Timeout,Timeout,Timeout,Timeout,Timeout,Timeout,Timeout,Timeout,Timeout,Timeout,Timeout,Timeout,Timeout,Timeout,Timeout
6,2,11,0,0,2,1,107,20,3,4,3,8,11,7,4,1,7
6,2,98,5,0,65,0,6813,1787,10,52,10,75,89,28,61,1,30
6,2,31,2,0,9,0,1172,430,9,38,9,46,24,10,14,1,24
6,2,9,0,0,0,0,109,46,3,7,4,9,10,4,6,0,6
6,2,4,0,0,0,0,5,1,1,2,2,2,1,1,0,1,1
6,2,Timeout,Timeout,Timeout,Timeout,Timeout,Timeout,Timeout,Timeout,Timeout,Timeout,Timeout,Timeout,Timeout,Timeout,Timeout,Timeout,Timeout
6,2,16,0,1,4,0,408,154,3,7,4,16,24,8,16,0,14
6,2,54765,477,0,54159,0,539542,46969,24,323,24,328,1643,131,1512,1,108
6,2,11,0,0,0,0,14,6,2,4,3,4,2,2,0,1,2
6,2,Timeout,Timeout,Timeout,Timeout,Timeout,Timeout,Timeout,Timeout,Timeout,Timeout,Timeout,Timeout,Timeout,Timeout,Timeout,Timeout,Timeout
6,2,12,0,0,1,1,155,67,3,4,3,11,12,5,7,0,9
6,2,97547,50,3,97153,2,984910,80753,28,508,25,374,2650,94,2556,1,42
6,2,11,1,0,0,0,108,35,3,4,3,9,10,6,4,1,7
6,2,18,0,0,6,3,912,531,5,7,4,24,36,13,23,0,15
6,2,9,0,0,2,1,202,88,4,5,3,11,16,5,11,0,8
6,2,281387,971,7,280312,36838,2138119,133002,40,550,28,688,3107,109,2998,1,102
6,2,11,0,0,1,0,183,54,3,6,3,11,15,7,8,1,8
6,2,5470,98,2,5256,0,127836,46345,25,410,25,618,207,106,101,1,50
6,2,3,0,0,0,0,0,0,0,1,1,0,0,0,0,0,1
6,2,Timeout,Timeout,Timeout,Timeout,Timeout,Timeout,Timeout,Timeout,Timeout,Timeout,Timeout,Timeout,Timeout,Timeout,Timeout,Timeout,Timeout
6,2,Timeout,Timeout,Timeout,Timeout,Timeout,Timeout,Timeout,Timeout,Timeout,Timeout,Timeout,Timeout,Timeout,Timeout,Timeout,Timeout,Timeout
6,2,Timeout,Timeout,Timeout,Timeout,Timeout,Timeout,Timeout,Timeout,Timeout,Timeout,Timeout,Timeout,Timeout,Timeout,Timeout,Timeout,Timeout
6,2,24,0,0,5,1,479,150,6,16,6,19,23,8,15,1,12
6,2,38,1,0,18,1,2183,1059,8,29,8,47,45,13,32,1,15
6,2,6,0,0,0,0,11,7,2,4,3,3,2,1,1,0,2
6,2,940,13,0,808,1,50038,9588,15,79,13,142,350,56,294,1,42
6,2,4,0,0,0,0,19,6,1,2,2,4,3,3,0,1,3
6,2,1475,539,4,841,0,39786,11348,26,430,25,361,109,32,77,1,102
6,2,3363,10,1,3317,0,123881,5367,9,89,10,204,604,89,515,1,30
6,2,6,1,0,1,0,31,1,3,2,2,7,3,3,0,1,3
6,2,66554,17,0,66468,0,792857,64053,21,226,21,305,2591,93,2498,1,20
6,2,3,0,0,0,0,0,0,0,1,1,0,0,0,0,0,1
6,2,Timeout,Timeout,Timeout,Timeout,Timeout,Timeout,Timeout,Timeout,Timeout,Timeout,Timeout,Timeout,Timeout,Timeout,Timeout,Timeout,Timeout
6,2,Timeout,Timeout,Timeout,Timeout,Timeout,Timeout,Timeout,Timeout,Timeout,Timeout,Timeout,Timeout,Timeout,Timeout,Timeout,Timeout,Timeout
6,2,7,0,0,0,0,3,1,1,2,2,1,1,1,0,0,1
6,2,Timeout,Timeout,Timeout,Timeout,Timeout,Timeout,Timeout,Timeout,Timeout,Timeout,Timeout,Timeout,Timeout,Timeout,Timeout,Timeout,Timeout
6,2,Timeout,Timeout,Timeout,Timeout,Timeout,Timeout,Timeout,Timeout,Timeout,Timeout,Timeout,Timeout,Timeout,Timeout,Timeout,Timeout,Timeout
6,2,1433,9,3,1325,1,54536,10570,15,127,15,159,342,46,296,1,32
6,2,11,0,0,2,0,249,232,2,6,3,16,14,7,7,0,12
7,2,58,27,0,9,0,1284,255,8,22,7,38,32,10,22,1,24
7,2,Timeout,Timeout,Timeout,Timeout,Timeout,Timeout,Timeout,Timeout,Timeout,Timeout,Timeout,Timeout,Timeout,Timeout,Timeout,Timeout,Timeout
7,2,Timeout,Timeout,Timeout,Timeout,Timeout,Timeout,Timeout,Timeout,Timeout,Timeout,Timeout,Timeout,Timeout,Timeout,Timeout,Timeout,Timeout
7,2,31,0,0,14,0,2091,1177,5,14,5,30,67,13,54,0,20
7,2,Timeout,Timeout,Timeout,Timeout,Timeout,Timeout,Timeout,Timeout,Timeout,Timeout,Timeout,Timeout,Timeout,Timeout,Timeout,Timeout,Timeout
7,2,213571,80,2,213034,0,1283979,402054,24,407,24,406,3157,202,2955,1,60
7,2,221646,1868,0,219675,7,1911815,353889,24,298,22,702,2722,103,2619,1,112
7,2,Timeout,Timeout,Timeout,Timeout,Timeout,Timeout,Timeout,Timeout,Timeout,Timeout,Timeout,Timeout,Timeout,Timeout,Timeout,Timeout,Timeout
7,2,Timeout,Timeout,Timeout,Timeout,Timeout,Timeout,Timeout,Timeout,Timeout,Timeout,Timeout,Timeout,Timeout,Timeout,Timeout,Timeout,Timeout
7,2,Timeout,Timeout,Timeout,Timeout,Timeout,Timeout,Timeout,Timeout,Timeout,Timeout,Timeout,Timeout,Timeout,Timeout,Timeout,Timeout,Timeout
7,2,11,0,0,1,0,89,44,2,4,3,8,9,5,4,1,5
7,2,Timeout,Timeout,Timeout,Timeout,Timeout,Timeout,Timeout,Timeout,Timeout,Timeout,Timeout,Timeout,Timeout,Timeout,Timeout,Timeout,Timeout
7,2,22,0,0,6,0,847,353,5,11,5,24,34,10,24,0,18
7,2,2,0,0,0,0,0,0,0,1,1,0,0,0,0,0,1
7,2,6,0,0,1,1,14,1,2,2,2,4,2,2,0,2,2
7,2,25,1,1,10,0,938,404,6,23,6,44,20,15,5,1,16
7,2,5775,1728,2,3869,1,107584,20854,33,537,32,588,182,35,147,1,108
7,2,20694,32,3,20567,1,397756,49052,25,366,25,379,1047,72,975,1,40
7,2,Timeout,Timeout,Timeout,Timeout,Timeout,Timeout,Timeout,Timeout,Timeout,Timeout,Timeout,Timeout,Timeout,Timeout,Timeout,Timeout,Timeout
7,2,16,0,0,2,0,235,206,4,7,4,16,13,7,6,0,14
7,2,2,0,0,0,0,0,0,0,1,1,0,0,0,0,0,1
7,2,52870,7669,7,44835,0,690270,192185,40,1465,40,1312,527,140,387,1,133
7,2,932,17,0,876,0,33998,24044,11,62,11,149,226,45,181,1,30
7,2,Timeout,Timeout,Timeout,Timeout,Timeout,Timeout,Timeout,Timeout,Timeout,Timeout,Timeout,Timeout,Timeout,Timeout,Timeout,Timeout,Timeout
7,2,11,1,0,1,1,71,27,3,4,3,8,7,5,2,1,6
7,2,Timeout,Timeout,Timeout,Timeout,Timeout,Timeout,Timeout,Timeout,Timeout,Timeout,Timeout,Timeout,Timeout,Timeout,Timeout,Timeout,Timeout
7,2,Timeout,Timeout,Timeout,Timeout,Timeout,Timeout,Timeout,Timeout,Timeout,Timeout,Timeout,Timeout,Timeout,Timeout,Timeout,Timeout,Timeout
7,2,506106,9846,4,495877,28,1994290,938524,37,1014,35,742,2686,269,2417,1,114
7,2,488986,1761,3,487118,1440,2017836,119002,27,378,25,401,5021,124,4897,1,98
7,2,Timeout,Timeout,Timeout,Timeout,Timeout,Timeout,Timeout,Timeout,Timeout,Timeout,Timeout,Timeout,Timeout,Timeout,Timeout,Timeout,Timeout
7,2,2699,471,1,2082,1,91805,17320,18,204,18,321,285,42,243,1,72
7,2,Timeout,Timeout,Timeout,Timeout,Timeout,Timeout,Timeout,Timeout,Timeout,Timeout,Timeout,Timeout,Timeout,Timeout,Timeout,Timeout,Timeout
7,2,5495,71,0,5303,2,155107,32697,28,365,25,385,401,74,327,1,30
7,2,Timeout,Timeout,Timeout,Timeout,Timeout,Timeout,Timeout,Timeout,Timeout,Timeout,Timeout,Timeout,Timeout,Timeout,Timeout,Timeout,Timeout
7,2,Timeout,Timeout,Timeout,Timeout,Timeout,Timeout,Timeout,Timeout,Timeout,Timeout,Timeout,Timeout,Timeout,Timeout,Timeout,Timeout,Timeout
7,2,11,1,0,0,0,62,16,3,4,3,8,6,4,2,1,7
7,2,Timeout,Timeout,Timeout,Timeout,Timeout,Timeout,Timeout,Timeout,Timeout,Timeout,Timeout,Timeout,Timeout,Timeout,Timeout,Timeout,Timeout
7,2,11,0,0,2,0,71,19,3,4,3,8,7,4,3,1,6
7,2,Timeout,Timeout,Timeout,Timeout,Timeout,Timeout,Timeout,Timeout,Timeout,Timeout,Timeout,Timeout,Timeout,Timeout,Timeout,Timeout,Timeout
7,2,3,0,0,0,0,0,0,0,1,1,0,0,0,0,0,1
7,2,17,1,0,2,1,556,164,4,7,4,17,30,11,19,1,11
7,2,Timeout,Timeout,Timeout,Timeout,Timeout,Timeout,Timeout,Timeout,Timeout,Timeout,Timeout,Timeout,Timeout,Timeout,Timeout,Timeout,Timeout
7,2,3,0,0,0,0,0,0,0,1,1,0,0,0,0,0,1
7,2,Timeout,Timeout,Timeout,Timeout,Timeout,Timeout,Timeout,Timeout,Timeout,Timeout,Timeout,Timeout,Timeout,Timeout,Timeout,Timeout,Timeout
7,2,Timeout,Timeout,Timeout,Timeout,Timeout,Timeout,Timeout,Timeout,Timeout,Timeout,Timeout,Timeout,Timeout,Timeout,Timeout,Timeout,Timeout
7,2,Error,Error,Error,Error,Error,Error,Error,Error,Error,Error,Error,Error,Error,Error,Error,Error,Error
7,2,22,0,0,5,0,690,428,4,11,5,22,30,17,13,0,18
7,2,112,21,0,69,0,6947,1837,9,44,9,63,108,21,87,1,36
7,2,Timeout,Timeout,Timeout,Timeout,Timeout,Timeout,Timeout,Timeout,Timeout,Timeout,Timeout,Timeout,Timeout,Timeout,Timeout,Timeout,Timeout
7,2,25,0,0,7,0,1129,447,5,11,5,32,34,9,25,0,17
7,2,Error,Error,Error,Error,Error,Error,Error,Error,Error,Error,Error,Error,Error,Error,Error,Error,Error
7,2,39749,922,1,38755,7,601353,66798,19,451,17,364,1647,92,1555,1,110
7,2,11,0,0,0,0,48,19,2,4,3,6,6,4,2,1,5
7,2,2,0,0,0,0,0,0,0,1,1,0,0,0,0,0,1
7,2,11,0,0,1,0,290,171,2,4,3,13,20,5,15,0,13
7,2,1426,70,2,1321,0,66648,8729,15,109,15,152,436,43,393,1,56
7,2,Timeout,Timeout,Timeout,Timeout,Timeout,Timeout,Timeout,Timeout,Timeout,Timeout,Timeout,Timeout,Timeout,Timeout,Timeout,Timeout,Timeout
7,2,11,1,0,2,0,79,42,2,4,3,9,7,5,2,1,6
7,2,Timeout,Timeout,Timeout,Timeout,Timeout,Timeout,Timeout,Timeout,Timeout,Timeout,Timeout,Timeout,Timeout,Timeout,Timeout,Timeout,Timeout
7,2,Error,Error,Error,Error,Error,Error,Error,Error,Error,Error,Error,Error,Error,Error,Error,Error,Error
7,2,Timeout,Timeout,Timeout,Timeout,Timeout,Timeout,Timeout,Timeout,Timeout,Timeout,Timeout,Timeout,Timeout,Timeout,Timeout,Timeout,Timeout
7,2,260767,7193,4,251465,20,1461174,221585,39,1351,37,1010,1446,278,1168,1,132
7,2,Timeout,Timeout,Timeout,Timeout,Timeout,Timeout,Timeout,Timeout,Timeout,Timeout,Timeout,Timeout,Timeout,Timeout,Timeout,Timeout,Timeout
7,2,11,1,1,1,0,69,17,3,4,3,9,6,5,1,1,7
7,2,1995,709,2,1188,0,53607,10379,26,479,25,359,148,32,116,1,105
7,2,241,14,1,184,0,12781,6663,13,87,14,152,83,39,44,1,42
7,2,2,0,0,0,0,0,0,0,1,1,0,0,0,0,0,1
7,2,Timeout,Timeout,Timeout,Timeout,Timeout,Timeout,Timeout,Timeout,Timeout,Timeout,Timeout,Timeout,Timeout,Timeout,Timeout,Timeout,Timeout
7,2,2,0,0,0,0,0,0,0,1,1,0,0,0,0,0,1
7,2,Timeout,Timeout,Timeout,Timeout,Timeout,Timeout,Timeout,Timeout,Timeout,Timeout,Timeout,Timeout,Timeout,Timeout,Timeout,Timeout,Timeout
7,2,12,0,0,1,0,181,113,4,4,3,15,11,6,5,0,11
7,2,Timeout,Timeout,Timeout,Timeout,Timeout,Timeout,Timeout,Timeout,Timeout,Timeout,Timeout,Timeout,Timeout,Timeout,Timeout,Timeout,Timeout
7,2,14,0,0,2,0,265,57,4,11,4,18,13,7,6,1,9
7,2,Timeout,Timeout,Timeout,Timeout,Timeout,Timeout,Timeout,Timeout,Timeout,Timeout,Timeout,Timeout,Timeout,Timeout,Timeout,Timeout,Timeout
7,2,Error,Error,Error,Error,Error,Error,Error,Error,Error,Error,Error,Error,Error,Error,Error,Error,Error
7,2,11,0,0,0,0,44,16,2,4,3,8,4,3,1,1,5
7,2,356,7,0,320,1,25828,5274,11,56,10,100,256,37,219,1,28
7,2,Timeout,Timeout,Timeout,Timeout,Timeout,Timeout,Timeout,Timeout,Timeout,Timeout,Timeout,Timeout,Timeout,Timeout,Timeout,Timeout,Timeout
7,2,Error,Error,Error,Error,Error,Error,Error,Error,Error,Error,Error,Error,Error,Error,Error,Error,Error
7,2,Timeout,Timeout,Timeout,Timeout,Timeout,Timeout,Timeout,Timeout,Timeout,Timeout,Timeout,Timeout,Timeout,Timeout,Timeout,Timeout,Timeout
7,2,Timeout,Timeout,Timeout,Timeout,Timeout,Timeout,Timeout,Timeout,Timeout,Timeout,Timeout,Timeout,Timeout,Timeout,Timeout,Timeout,Timeout
7,2,Timeout,Timeout,Timeout,Timeout,Timeout,Timeout,Timeout,Timeout,Timeout,Timeout,Timeout,Timeout,Timeout,Timeout,Timeout,Timeout,Timeout
7,2,Timeout,Timeout,Timeout,Timeout,Timeout,Timeout,Timeout,Timeout,Timeout,Timeout,Timeout,Timeout,Timeout,Timeout,Timeout,Timeout,Timeout
7,2,Timeout,Timeout,Timeout,Timeout,Timeout,Timeout,Timeout,Timeout,Timeout,Timeout,Timeout,Timeout,Timeout,Timeout,Timeout,Timeout,Timeout
7,2,7,0,0,0,0,14,1,2,2,2,4,2,2,0,1,2
7,2,7,0,1,1,0,23,5,2,2,2,5,3,3,0,1,3
7,2,21,1,0,12,0,1549,1129,2,8,3,24,62,14,48,0,20
7,2,12,0,0,0,0,83,38,4,7,4,11,6,4,2,1,6
7,2,61,2,0,41,1,4791,854,10,25,8,47,99,17,82,1,28
7,2,6,0,0,1,0,78,37,2,4,3,8,8,4,4,0,7
7,2,1276,41,1,1200,0,57262,9594,16,141,16,149,385,32,353,1,63
7,2,Timeout,Timeout,Timeout,Timeout,Timeout,Timeout,Timeout,Timeout,Timeout,Timeout,Timeout,Timeout,Timeout,Timeout,Timeout,Timeout,Timeout
7,2,1825,1136,0,353,0,13471,9520,21,262,21,299,44,40,4,1,105
7,2,1641,164,3,1385,1,44281,29994,22,264,22,552,80,61,19,1,55
7,2,7,1,0,0,0,14,2,1,2,2,4,2,2,0,1,3
7,2,Timeout,Timeout,Timeout,Timeout,Timeout,Timeout,Timeout,Timeout,Timeout,Timeout,Timeout,Timeout,Timeout,Timeout,Timeout,Timeout,Timeout
7,2,11,0,0,4,0,441,895,1,4,2,16,25,10,15,0,16
7,2,Timeout,Timeout,Timeout,Timeout,Timeout,Timeout,Timeout,Timeout,Timeout,Timeout,Timeout,Timeout,Timeout,Timeout,Timeout,Timeout,Timeout
7,2,11,0,0,2,0,47,9,3,4,3,7,5,4,1,1,4
7,2,Timeout,Timeout,Timeout,Timeout,Timeout,Timeout,Timeout,Timeout,Timeout,Timeout,Timeout,Timeout,Timeout,Timeout,Timeout,Timeout,Timeout
8,2,36063,1201,5,34483,1,386231,145451,49,2429,49,1497,257,100,157,1,45
8,2,7998,6151,4,1756,2,80075,14896,26,375,25,390,204,34,170,1,168
8,2,353,38,0,281,0,17893,10295,11,42,10,117,151,26,125,1,48
8,2,7,0,0,0,0,15,8,2,4,3,3,3,2,1,0,3
8,2,Timeout,Timeout,Timeout,Timeout,Timeout,Timeout,Timeout,Timeout,Timeout,Timeout,Timeout,Timeout,Timeout,Timeout,Timeout,Timeout,Timeout
8,2,Timeout,Timeout,Timeout,Timeout,Timeout,Timeout,Timeout,Timeout,Timeout,Timeout,Timeout,Timeout,Timeout,Timeout,Timeout,Timeout,Timeout
8,2,Timeout,Timeout,Timeout,Timeout,Timeout,Timeout,Timeout,Timeout,Timeout,Timeout,Timeout,Timeout,Timeout,Timeout,Timeout,Timeout,Timeout
8,2,Timeout,Timeout,Timeout,Timeout,Timeout,Timeout,Timeout,Timeout,Timeout,Timeout,Timeout,Timeout,Timeout,Timeout,Timeout,Timeout,Timeout
8,2,Timeout,Timeout,Timeout,Timeout,Timeout,Timeout,Timeout,Timeout,Timeout,Timeout,Timeout,Timeout,Timeout,Timeout,Timeout,Timeout,Timeout
8,2,55,7,1,26,0,3395,561,7,22,7,50,66,17,49,1,28
8,2,Timeout,Timeout,Timeout,Timeout,Timeout,Timeout,Timeout,Timeout,Timeout,Timeout,Timeout,Timeout,Timeout,Timeout,Timeout,Timeout,Timeout
8,2,Timeout,Timeout,Timeout,Timeout,Timeout,Timeout,Timeout,Timeout,Timeout,Timeout,Timeout,Timeout,Timeout,Timeout,Timeout,Timeout,Timeout
8,2,Error,Error,Error,Error,Error,Error,Error,Error,Error,Error,Error,Error,Error,Error,Error,Error,Error
8,2,Error,Error,Error,Error,Error,Error,Error,Error,Error,Error,Error,Error,Error,Error,Error,Error,Error
8,2,Timeout,Timeout,Timeout,Timeout,Timeout,Timeout,Timeout,Timeout,Timeout,Timeout,Timeout,Timeout,Timeout,Timeout,Timeout,Timeout,Timeout
8,2,Timeout,Timeout,Timeout,Timeout,Timeout,Timeout,Timeout,Timeout,Timeout,Timeout,Timeout,Timeout,Timeout,Timeout,Timeout,Timeout,Timeout
8,2,Timeout,Timeout,Timeout,Timeout,Timeout,Timeout,Timeout,Timeout,Timeout,Timeout,Timeout,Timeout,Timeout,Timeout,Timeout,Timeout,Timeout
8,2,Timeout,Timeout,Timeout,Timeout,Timeout,Timeout,Timeout,Timeout,Timeout,Timeout,Timeout,Timeout,Timeout,Timeout,Timeout,Timeout,Timeout
8,2,Timeout,Timeout,Timeout,Timeout,Timeout,Timeout,Timeout,Timeout,Timeout,Timeout,Timeout,Timeout,Timeout,Timeout,Timeout,Timeout,Timeout
8,2,12,0,0,2,0,362,101,2,6,3,19,18,8,10,1,16
8,2,11,1,0,1,0,133,39,4,4,3,14,8,6,2,1,9
8,2,Timeout,Timeout,Timeout,Timeout,Timeout,Timeout,Timeout,Timeout,Timeout,Timeout,Timeout,Timeout,Timeout,Timeout,Timeout,Timeout,Timeout
8,2,Timeout,Timeout,Timeout,Timeout,Timeout,Timeout,Timeout,Timeout,Timeout,Timeout,Timeout,Timeout,Timeout,Timeout,Timeout,Timeout,Timeout
8,2,Timeout,Timeout,Timeout,Timeout,Timeout,Timeout,Timeout,Timeout,Timeout,Timeout,Timeout,Timeout,Timeout,Timeout,Timeout,Timeout,Timeout
8,2,Timeout,Timeout,Timeout,Timeout,Timeout,Timeout,Timeout,Timeout,Timeout,Timeout,Timeout,Timeout,Timeout,Timeout,Timeout,Timeout,Timeout
8,2,13,0,0,2,0,482,175,2,6,3,16,28,10,18,0,16
8,2,Timeout,Timeout,Timeout,Timeout,Timeout,Timeout,Timeout,Timeout,Timeout,Timeout,Timeout,Timeout,Timeout,Timeout,Timeout,Timeout,Timeout
8,2,Timeout,Timeout,Timeout,Timeout,Timeout,Timeout,Timeout,Timeout,Timeout,Timeout,Timeout,Timeout,Timeout,Timeout,Timeout,Timeout,Timeout
8,2,Timeout,Timeout,Timeout,Timeout,Timeout,Timeout,Timeout,Timeout,Timeout,Timeout,Timeout,Timeout,Timeout,Timeout,Timeout,Timeout,Timeout
8,2,3,0,0,0,0,0,0,0,1,1,0,0,0,0,0,1
8,2,Timeout,Timeout,Timeout,Timeout,Timeout,Timeout,Timeout,Timeout,Timeout,Timeout,Timeout,Timeout,Timeout,Timeout,Timeout,Timeout,Timeout
8,2,24,0,0,7,0,1088,356,5,11,5,27,38,8,30,0,20
8,2,Timeout,Timeout,Timeout,Timeout,Timeout,Timeout,Timeout,Timeout,Timeout,Timeout,Timeout,Timeout,Timeout,Timeout,Timeout,Timeout,Timeout
8,2,Timeout,Timeout,Timeout,Timeout,Timeout,Timeout,Timeout,Timeout,Timeout,Timeout,Timeout,Timeout,Timeout,Timeout,Timeout,Timeout,Timeout
8,2,Timeout,Timeout,Timeout,Timeout,Timeout,Timeout,Timeout,Timeout,Timeout,Timeout,Timeout,Timeout,Timeout,Timeout,Timeout,Timeout,Timeout
8,2,Timeout,Timeout,Timeout,Timeout,Timeout,Timeout,Timeout,Timeout,Timeout,Timeout,Timeout,Timeout,Timeout,Timeout,Timeout,Timeout,Timeout
8,2,Timeout,Timeout,Timeout,Timeout,Timeout,Timeout,Timeout,Timeout,Timeout,Timeout,Timeout,Timeout,Timeout,Timeout,Timeout,Timeout,Timeout
8,2,Timeout,Timeout,Timeout,Timeout,Timeout,Timeout,Timeout,Timeout,Timeout,Timeout,Timeout,Timeout,Timeout,Timeout,Timeout,Timeout,Timeout
8,2,Timeout,Timeout,Timeout,Timeout,Timeout,Timeout,Timeout,Timeout,Timeout,Timeout,Timeout,Timeout,Timeout,Timeout,Timeout,Timeout,Timeout
8,2,3,0,0,0,0,0,0,0,1,1,0,0,0,0,0,1
8,2,16,0,0,1,0,356,121,5,7,4,20,16,8,8,1,13
8,2,10,1,0,2,1,181,30,5,4,3,13,12,8,4,1,9
8,2,Timeout,Timeout,Timeout,Timeout,Timeout,Timeout,Timeout,Timeout,Timeout,Timeout,Timeout,Timeout,Timeout,Timeout,Timeout,Timeout,Timeout
8,2,3,0,0,0,0,0,0,0,1,1,0,0,0,0,0,1
8,2,Timeout,Timeout,Timeout,Timeout,Timeout,Timeout,Timeout,Timeout,Timeout,Timeout,Timeout,Timeout,Timeout,Timeout,Timeout,Timeout,Timeout
8,2,3,0,0,0,0,0,0,0,1,1,0,0,0,0,0,1
8,2,Timeout,Timeout,Timeout,Timeout,Timeout,Timeout,Timeout,Timeout,Timeout,Timeout,Timeout,Timeout,Timeout,Timeout,Timeout,Timeout,Timeout
8,2,4203,1917,3,2145,0,53299,31388,30,642,30,586,90,61,29,1,125
8,2,12,0,1,1,0,227,146,3,5,3,20,10,6,4,0,17
8,2,10,0,0,1,0,87,24,3,4,3,10,7,4,3,1,7
8,2,10537,1403,7,8921,0,130929,50589,39,1189,40,957,136,114,22,1,78
8,2,Timeout,Timeout,Timeout,Timeout,Timeout,Timeout,Timeout,Timeout,Timeout,Timeout,Timeout,Timeout,Timeout,Timeout,Timeout,Timeout,Timeout
8,2,6,0,0,0,0,5,1,1,2,2,2,1,1,0,1,1
8,2,6,0,0,0,0,11,2,1,2,2,3,2,2,0,1,2
8,2,Timeout,Timeout,Timeout,Timeout,Timeout,Timeout,Timeout,Timeout,Timeout,Timeout,Timeout,Timeout,Timeout,Timeout,Timeout,Timeout,Timeout
8,2,Timeout,Timeout,Timeout,Timeout,Timeout,Timeout,Timeout,Timeout,Timeout,Timeout,Timeout,Timeout,Timeout,Timeout,Timeout,Timeout,Timeout
8,2,Timeout,Timeout,Timeout,Timeout,Timeout,Timeout,Timeout,Timeout,Timeout,Timeout,Timeout,Timeout,Timeout,Timeout,Timeout,Timeout,Timeout
8,2,3,0,0,0,0,0,0,0,1,1,0,0,0,0,0,1
8,2,Timeout,Timeout,Timeout,Timeout,Timeout,Timeout,Timeout,Timeout,Timeout,Timeout,Timeout,Timeout,Timeout,Timeout,Timeout,Timeout,Timeout
8,2,849,72,1,741,2,38603,12873,17,88,13,155,247,32,215,1,63
8,2,Timeout,Timeout,Timeout,Timeout,Timeout,Timeout,Timeout,Timeout,Timeout,Timeout,Timeout,Timeout,Timeout,Timeout,Timeout,Timeout,Timeout
8,2,Timeout,Timeout,Timeout,Timeout,Timeout,Timeout,Timeout,Timeout,Timeout,Timeout,Timeout,Timeout,Timeout,Timeout,Timeout,Timeout,Timeout
8,2,Timeout,Timeout,Timeout,Timeout,Timeout,Timeout,Timeout,Timeout,Timeout,Timeout,Timeout,Timeout,Timeout,Timeout,Timeout,Timeout,Timeout
8,2,Timeout,Timeout,Timeout,Timeout,Timeout,Timeout,Timeout,Timeout,Timeout,Timeout,Timeout,Timeout,Timeout,Timeout,Timeout,Timeout,Timeout
8,2,Timeout,Timeout,Timeout,Timeout,Timeout,Timeout,Timeout,Timeout,Timeout,Timeout,Timeout,Timeout,Timeout,Timeout,Timeout,Timeout,Timeout
8,2,Timeout,Timeout,Timeout,Timeout,Timeout,Timeout,Timeout,Timeout,Timeout,Timeout,Timeout,Timeout,Timeout,Timeout,Timeout,Timeout,Timeout
8,2,Timeout,Timeout,Timeout,Timeout,Timeout,Timeout,Timeout,Timeout,Timeout,Timeout,Timeout,Timeout,Timeout,Timeout,Timeout,Timeout,Timeout
8,2,Timeout,Timeout,Timeout,Timeout,Timeout,Timeout,Timeout,Timeout,Timeout,Timeout,Timeout,Timeout,Timeout,Timeout,Timeout,Timeout,Timeout
8,2,Timeout,Timeout,Timeout,Timeout,Timeout,Timeout,Timeout,Timeout,Timeout,Timeout,Timeout,Timeout,Timeout,Timeout,Timeout,Timeout,Timeout
8,2,Timeout,Timeout,Timeout,Timeout,Timeout,Timeout,Timeout,Timeout,Timeout,Timeout,Timeout,Timeout,Timeout,Timeout,Timeout,Timeout,Timeout
8,2,11,0,0,1,0,62,31,2,4,3,7,7,5,2,1,6
8,2,17706,35,1,16429,1,418706,37598,26,497,26,403,1058,56,1002,1,30
8,2,Error,Error,Error,Error,Error,Error,Error,Error,Error,Error,Error,Error,Error,Error,Error,Error,Error
8,2,21,0,0,5,0,986,330,4,11,5,32,29,9,20,0,19
8,2,Timeout,Timeout,Timeout,Timeout,Timeout,Timeout,Timeout,Timeout,Timeout,Timeout,Timeout,Timeout,Timeout,Timeout,Timeout,Timeout,Timeout
8,2,17,0,0,2,0,392,128,5,7,4,21,17,9,8,1,14
8,2,3,0,0,0,0,0,0,0,1,1,0,0,0,0,0,1
8,2,Timeout,Timeout,Timeout,Timeout,Timeout,Timeout,Timeout,Timeout,Timeout,Timeout,Timeout,Timeout,Timeout,Timeout,Timeout,Timeout,Timeout
8,2,13,0,0,1,0,261,90,2,4,3,13,18,7,11,1,9
8,2,83781,3070,1,72431,0,735959,125917,28,526,27,705,1042,86,956,1,144
8,2,Timeout,Timeout,Timeout,Timeout,Timeout,Timeout,Timeout,Timeout,Timeout,Timeout,Timeout,Timeout,Timeout,Timeout,Timeout,Timeout,Timeout
8,2,Timeout,Timeout,Timeout,Timeout,Timeout,Timeout,Timeout,Timeout,Timeout,Timeout,Timeout,Timeout,Timeout,Timeout,Timeout,Timeout,Timeout
8,2,Timeout,Timeout,Timeout,Timeout,Timeout,Timeout,Timeout,Timeout,Timeout,Timeout,Timeout,Timeout,Timeout,Timeout,Timeout,Timeout,Timeout
8,2,3,1,0,0,0,0,0,0,1,1,0,0,0,0,0,1
8,2,Timeout,Timeout,Timeout,Timeout,Timeout,Timeout,Timeout,Timeout,Timeout,Timeout,Timeout,Timeout,Timeout,Timeout,Timeout,Timeout,Timeout
8,2,Timeout,Timeout,Timeout,Timeout,Timeout,Timeout,Timeout,Timeout,Timeout,Timeout,Timeout,Timeout,Timeout,Timeout,Timeout,Timeout,Timeout
8,2,154,19,0,110,9,9878,1838,12,44,9,70,139,21,118,1,49
8,2,Timeout,Timeout,Timeout,Timeout,Timeout,Timeout,Timeout,Timeout,Timeout,Timeout,Timeout,Timeout,Timeout,Timeout,Timeout,Timeout,Timeout
8,2,Timeout,Timeout,Timeout,Timeout,Timeout,Timeout,Timeout,Timeout,Timeout,Timeout,Timeout,Timeout,Timeout,Timeout,Timeout,Timeout,Timeout
8,2,Timeout,Timeout,Timeout,Timeout,Timeout,Timeout,Timeout,Timeout,Timeout,Timeout,Timeout,Timeout,Timeout,Timeout,Timeout,Timeout,Timeout
8,2,Timeout,Timeout,Timeout,Timeout,Timeout,Timeout,Timeout,Timeout,Timeout,Timeout,Timeout,Timeout,Timeout,Timeout,Timeout,Timeout,Timeout
8,2,605,11,1,451,2,31541,8469,15,83,13,167,188,36,152,1,35
8,2,Timeout,Timeout,Timeout,Timeout,Timeout,Timeout,Timeout,Timeout,Timeout,Timeout,Timeout,Timeout,Timeout,Timeout,Timeout,Timeout,Timeout
8,2,Timeout,Timeout,Timeout,Timeout,Timeout,Timeout,Timeout,Timeout,Timeout,Timeout,Timeout,Timeout,Timeout,Timeout,Timeout,Timeout,Timeout
8,2,22,0,0,7,3,1245,498,5,7,4,29,41,10,31,1,17
8,2,Timeout,Timeout,Timeout,Timeout,Timeout,Timeout,Timeout,Timeout,Timeout,Timeout,Timeout,Timeout,Timeout,Timeout,Timeout,Timeout,Timeout
8,2,Timeout,Timeout,Timeout,Timeout,Timeout,Timeout,Timeout,Timeout,Timeout,Timeout,Timeout,Timeout,Timeout,Timeout,Timeout,Timeout,Timeout
8,2,Timeout,Timeout,Timeout,Timeout,Timeout,Timeout,Timeout,Timeout,Timeout,Timeout,Timeout,Timeout,Timeout,Timeout,Timeout,Timeout,Timeout
8,2,Timeout,Timeout,Timeout,Timeout,Timeout,Timeout,Timeout,Timeout,Timeout,Timeout,Timeout,Timeout,Timeout,Timeout,Timeout,Timeout,Timeout
8,2,3,0,0,0,0,0,0,0,1,1,0,0,0,0,0,1
9,2,8,1,0,1,0,95,28,1,3,2,11,7,4,3,1,10
9,2,38,0,0,22,5,3127,1442,6,11,5,37,83,17,66,0,28
9,2,Timeout,Timeout,Timeout,Timeout,Timeout,Timeout,Timeout,Timeout,Timeout,Timeout,Timeout,Timeout,Timeout,Timeout,Timeout,Timeout,Timeout
9,2,7,0,0,0,0,5,1,1,2,2,2,1,1,0,1,1
9,2,Timeout,Timeout,Timeout,Timeout,Timeout,Timeout,Timeout,Timeout,Timeout,Timeout,Timeout,Timeout,Timeout,Timeout,Timeout,Timeout,Timeout
9,2,8178,454,3,7623,0,205123,47336,19,273,20,436,469,78,391,1,102
9,2,Timeout,Timeout,Timeout,Timeout,Timeout,Timeout,Timeout,Timeout,Timeout,Timeout,Timeout,Timeout,Timeout,Timeout,Timeout,Timeout,Timeout
9,2,27,0,0,13,0,1681,1269,3,10,4,32,52,13,39,0,23
9,2,Timeout,Timeout,Timeout,Timeout,Timeout,Timeout,Timeout,Timeout,Timeout,Timeout,Timeout,Timeout,Timeout,Timeout,Timeout,Timeout,Timeout
9,2,Timeout,Timeout,Timeout,Timeout,Timeout,Timeout,Timeout,Timeout,Timeout,Timeout,Timeout,Timeout,Timeout,Timeout,Timeout,Timeout,Timeout
9,2,Timeout,Timeout,Timeout,Timeout,Timeout,Timeout,Timeout,Timeout,Timeout,Timeout,Timeout,Timeout,Timeout,Timeout,Timeout,Timeout,Timeout
9,2,Timeout,Timeout,Timeout,Timeout,Timeout,Timeout,Timeout,Timeout,Timeout,Timeout,Timeout,Timeout,Timeout,Timeout,Timeout,Timeout,Timeout
9,2,Timeout,Timeout,Timeout,Timeout,Timeout,Timeout,Timeout,Timeout,Timeout,Timeout,Timeout,Timeout,Timeout,Timeout,Timeout,Timeout,Timeout
9,2,Timeout,Timeout,Timeout,Timeout,Timeout,Timeout,Timeout,Timeout,Timeout,Timeout,Timeout,Timeout,Timeout,Timeout,Timeout,Timeout,Timeout
9,2,16,1,0,0,0,202,75,5,7,4,14,13,7,6,1,10
9,2,Timeout,Timeout,Timeout,Timeout,Timeout,Timeout,Timeout,Timeout,Timeout,Timeout,Timeout,Timeout,Timeout,Timeout,Timeout,Timeout,Timeout
9,2,3,1,0,0,0,0,0,0,1,1,0,0,0,0,0,1
9,2,Timeout,Timeout,Timeout,Timeout,Timeout,Timeout,Timeout,Timeout,Timeout,Timeout,Timeout,Timeout,Timeout,Timeout,Timeout,Timeout,Timeout
9,2,Timeout,Timeout,Timeout,Timeout,Timeout,Timeout,Timeout,Timeout,Timeout,Timeout,Timeout,Timeout,Timeout,Timeout,Timeout,Timeout,Timeout
9,2,200195,128,2,199942,1,1651607,156690,24,314,24,539,3058,90,2968,1,65
9,2,Timeout,Timeout,Timeout,Timeout,Timeout,Timeout,Timeout,Timeout,Timeout,Timeout,Timeout,Timeout,Timeout,Timeout,Timeout,Timeout,Timeout
9,2,Timeout,Timeout,Timeout,Timeout,Timeout,Timeout,Timeout,Timeout,Timeout,Timeout,Timeout,Timeout,Timeout,Timeout,Timeout,Timeout,Timeout
9,2,12,1,0,1,0,203,45,4,4,3,11,16,7,9,1,7
9,2,Timeout,Timeout,Timeout,Timeout,Timeout,Timeout,Timeout,Timeout,Timeout,Timeout,Timeout,Timeout,Timeout,Timeout,Timeout,Timeout,Timeout
9,2,Timeout,Timeout,Timeout,Timeout,Timeout,Timeout,Timeout,Timeout,Timeout,Timeout,Timeout,Timeout,Timeout,Timeout,Timeout,Timeout,Timeout
9,2,7,1,0,0,0,11,1,2,2,2,3,2,2,0,1,2
9,2,Timeout,Timeout,Timeout,Timeout,Timeout,Timeout,Timeout,Timeout,Timeout,Timeout,Timeout,Timeout,Timeout,Timeout,Timeout,Timeout,Timeout
9,2,Timeout,Timeout,Timeout,Timeout,Timeout,Timeout,Timeout,Timeout,Timeout,Timeout,Timeout,Timeout,Timeout,Timeout,Timeout,Timeout,Timeout
9,2,Timeout,Timeout,Timeout,Timeout,Timeout,Timeout,Timeout,Timeout,Timeout,Timeout,Timeout,Timeout,Timeout,Timeout,Timeout,Timeout,Timeout
9,2,Timeout,Timeout,Timeout,Timeout,Timeout,Timeout,Timeout,Timeout,Timeout,Timeout,Timeout,Timeout,Timeout,Timeout,Timeout,Timeout,Timeout
9,2,Timeout,Timeout,Timeout,Timeout,Timeout,Timeout,Timeout,Timeout,Timeout,Timeout,Timeout,Timeout,Timeout,Timeout,Timeout,Timeout,Timeout
9,2,Timeout,Timeout,Timeout,Timeout,Timeout,Timeout,Timeout,Timeout,Timeout,Timeout,Timeout,Timeout,Timeout,Timeout,Timeout,Timeout,Timeout
9,2,Timeout,Timeout,Timeout,Timeout,Timeout,Timeout,Timeout,Timeout,Timeout,Timeout,Timeout,Timeout,Timeout,Timeout,Timeout,Timeout,Timeout
9,2,3,0,0,0,0,0,0,0,1,1,0,0,0,0,0,1
9,2,7,0,0,0,0,5,1,1,2,2,2,1,1,0,1,1
9,2,Timeout,Timeout,Timeout,Timeout,Timeout,Timeout,Timeout,Timeout,Timeout,Timeout,Timeout,Timeout,Timeout,Timeout,Timeout,Timeout,Timeout
9,2,Timeout,Timeout,Timeout,Timeout,Timeout,Timeout,Timeout,Timeout,Timeout,Timeout,Timeout,Timeout,Timeout,Timeout,Timeout,Timeout,Timeout
9,2,Timeout,Timeout,Timeout,Timeout,Timeout,Timeout,Timeout,Timeout,Timeout,Timeout,Timeout,Timeout,Timeout,Timeout,Timeout,Timeout,Timeout
9,2,570387,3117,7,566899,2,3241950,273231,49,2405,49,1348,2403,100,2303,1,60
9,2,Timeout,Timeout,Timeout,Timeout,Timeout,Timeout,Timeout,Timeout,Timeout,Timeout,Timeout,Timeout,Timeout,Timeout,Timeout,Timeout,Timeout
9,2,Timeout,Timeout,Timeout,Timeout,Timeout,Timeout,Timeout,Timeout,Timeout,Timeout,Timeout,Timeout,Timeout,Timeout,Timeout,Timeout,Timeout
9,2,Timeout,Timeout,Timeout,Timeout,Timeout,Timeout,Timeout,Timeout,Timeout,Timeout,Timeout,Timeout,Timeout,Timeout,Timeout,Timeout,Timeout
9,2,Timeout,Timeout,Timeout,Timeout,Timeout,Timeout,Timeout,Timeout,Timeout,Timeout,Timeout,Timeout,Timeout,Timeout,Timeout,Timeout,Timeout
9,2,Timeout,Timeout,Timeout,Timeout,Timeout,Timeout,Timeout,Timeout,Timeout,Timeout,Timeout,Timeout,Timeout,Timeout,Timeout,Timeout,Timeout
9,2,Timeout,Timeout,Timeout,Timeout,Timeout,Timeout,Timeout,Timeout,Timeout,Timeout,Timeout,Timeout,Timeout,Timeout,Timeout,Timeout,Timeout
9,2,Timeout,Timeout,Timeout,Timeout,Timeout,Timeout,Timeout,Timeout,Timeout,Timeout,Timeout,Timeout,Timeout,Timeout,Timeout,Timeout,Timeout
9,2,11,0,0,1,0,103,78,3,4,3,9,10,5,5,0,7
9,2,Timeout,Timeout,Timeout,Timeout,Timeout,Timeout,Timeout,Timeout,Timeout,Timeout,Timeout,Timeout,Timeout,Timeout,Timeout,Timeout,Timeout
9,2,Timeout,Timeout,Timeout,Timeout,Timeout,Timeout,Timeout,Timeout,Timeout,Timeout,Timeout,Timeout,Timeout,Timeout,Timeout,Timeout,Timeout
9,2,27,0,0,9,0,1441,521,4,13,5,32,43,13,30,0,27
9,2,543,65,0,351,2,21475,13613,14,120,14,183,116,55,61,1,63
9,2,Timeout,Timeout,Timeout,Timeout,Timeout,Timeout,Timeout,Timeout,Timeout,Timeout,Timeout,Timeout,Timeout,Timeout,Timeout,Timeout,Timeout
9,2,Timeout,Timeout,Timeout,Timeout,Timeout,Timeout,Timeout,Timeout,Timeout,Timeout,Timeout,Timeout,Timeout,Timeout,Timeout,Timeout,Timeout
9,2,16,0,0,6,2,883,454,5,6,3,25,33,8,25,0,18
9,2,13,0,0,2,1,610,352,4,4,3,23,25,7,18,0,15
9,2,Timeout,Timeout,Timeout,Timeout,Timeout,Timeout,Timeout,Timeout,Timeout,Timeout,Timeout,Timeout,Timeout,Timeout,Timeout,Timeout,Timeout
9,2,11,0,0,0,0,19,5,2,4,3,4,3,3,0,1,3
9,2,3,0,0,0,0,0,0,0,1,1,0,0,0,0,0,1
9,2,Timeout,Timeout,Timeout,Timeout,Timeout,Timeout,Timeout,Timeout,Timeout,Timeout,Timeout,Timeout,Timeout,Timeout,Timeout,Timeout,Timeout
9,2,Timeout,Timeout,Timeout,Timeout,Timeout,Timeout,Timeout,Timeout,Timeout,Timeout,Timeout,Timeout,Timeout,Timeout,Timeout,Timeout,Timeout
9,2,17,0,0,6,1,980,913,4,6,3,25,37,11,26,0,14
9,2,12,2,0,0,0,155,39,3,4,3,12,11,7,4,1,11
9,2,54,7,1,24,0,3119,835,10,37,9,57,53,15,38,1,42
9,2,Timeout,Timeout,Timeout,Timeout,Timeout,Timeout,Timeout,Timeout,Timeout,Timeout,Timeout,Timeout,Timeout,Timeout,Timeout,Timeout,Timeout
9,2,Timeout,Timeout,Timeout,Timeout,Timeout,Timeout,Timeout,Timeout,Timeout,Timeout,Timeout,Timeout,Timeout,Timeout,Timeout,Timeout,Timeout
9,2,Timeout,Timeout,Timeout,Timeout,Timeout,Timeout,Timeout,Timeout,Timeout,Timeout,Timeout,Timeout,Timeout,Timeout,Timeout,Timeout,Timeout
9,2,Timeout,Timeout,Timeout,Timeout,Timeout,Timeout,Timeout,Timeout,Timeout,Timeout,Timeout,Timeout,Timeout,Timeout,Timeout,Timeout,Timeout
9,2,Timeout,Timeout,Timeout,Timeout,Timeout,Timeout,Timeout,Timeout,Timeout,Timeout,Timeout,Timeout,Timeout,Timeout,Timeout,Timeout,Timeout
9,2,Timeout,Timeout,Timeout,Timeout,Timeout,Timeout,Timeout,Timeout,Timeout,Timeout,Timeout,Timeout,Timeout,Timeout,Timeout,Timeout,Timeout
9,2,28,0,0,10,6,1366,990,5,11,5,34,39,14,25,0,25
9,2,Timeout,Timeout,Timeout,Timeout,Timeout,Timeout,Timeout,Timeout,Timeout,Timeout,Timeout,Timeout,Timeout,Timeout,Timeout,Timeout,Timeout
9,2,Timeout,Timeout,Timeout,Timeout,Timeout,Timeout,Timeout,Timeout,Timeout,Timeout,Timeout,Timeout,Timeout,Timeout,Timeout,Timeout,Timeout
9,2,17,0,1,3,0,469,203,4,7,4,21,21,8,13,0,19
9,2,6,1,1,1,0,29,6,1,3,2,5,4,4,0,1,4
9,2,Timeout,Timeout,Timeout,Timeout,Timeout,Timeout,Timeout,Timeout,Timeout,Timeout,Timeout,Timeout,Timeout,Timeout,Timeout,Timeout,Timeout
9,2,Timeout,Timeout,Timeout,Timeout,Timeout,Timeout,Timeout,Timeout,Timeout,Timeout,Timeout,Timeout,Timeout,Timeout,Timeout,Timeout,Timeout
9,2,22,0,0,8,0,1227,1044,3,10,4,26,46,12,34,0,18
9,2,Timeout,Timeout,Timeout,Timeout,Timeout,Timeout,Timeout,Timeout,Timeout,Timeout,Timeout,Timeout,Timeout,Timeout,Timeout,Timeout,Timeout
9,2,Timeout,Timeout,Timeout,Timeout,Timeout,Timeout,Timeout,Timeout,Timeout,Timeout,Timeout,Timeout,Timeout,Timeout,Timeout,Timeout,Timeout
9,2,49119,7696,7,41191,1,671152,103362,43,1311,42,994,674,91,583,1,168
9,2,11,0,0,0,0,62,23,4,4,3,8,6,3,3,0,7
9,2,Timeout,Timeout,Timeout,Timeout,Timeout,Timeout,Timeout,Timeout,Timeout,Timeout,Timeout,Timeout,Timeout,Timeout,Timeout,Timeout,Timeout
9,2,Timeout,Timeout,Timeout,Timeout,Timeout,Timeout,Timeout,Timeout,Timeout,Timeout,Timeout,Timeout,Timeout,Timeout,Timeout,Timeout,Timeout
9,2,Timeout,Timeout,Timeout,Timeout,Timeout,Timeout,Timeout,Timeout,Timeout,Timeout,Timeout,Timeout,Timeout,Timeout,Timeout,Timeout,Timeout
9,2,Timeout,Timeout,Timeout,Timeout,Timeout,Timeout,Timeout,Timeout,Timeout,Timeout,Timeout,Timeout,Timeout,Timeout,Timeout,Timeout,Timeout
9,2,Timeout,Timeout,Timeout,Timeout,Timeout,Timeout,Timeout,Timeout,Timeout,Timeout,Timeout,Timeout,Timeout,Timeout,Timeout,Timeout,Timeout
9,2,Timeout,Timeout,Timeout,Timeout,Timeout,Timeout,Timeout,Timeout,Timeout,Timeout,Timeout,Timeout,Timeout,Timeout,Timeout,Timeout,Timeout
9,2,Timeout,Timeout,Timeout,Timeout,Timeout,Timeout,Timeout,Timeout,Timeout,Timeout,Timeout,Timeout,Timeout,Timeout,Timeout,Timeout,Timeout
9,2,452790,212557,39855,154111,1,239,62,5,4,3,14,15,8,7,1,10
9,2,Timeout,Timeout,Timeout,Timeout,Timeout,Timeout,Timeout,Timeout,Timeout,Timeout,Timeout,Timeout,Timeout,Timeout,Timeout,Timeout,Timeout
9,2,Timeout,Timeout,Timeout,Timeout,Timeout,Timeout,Timeout,Timeout,Timeout,Timeout,Timeout,Timeout,Timeout,Timeout,Timeout,Timeout,Timeout
9,2,Timeout,Timeout,Timeout,Timeout,Timeout,Timeout,Timeout,Timeout,Timeout,Timeout,Timeout,Timeout,Timeout,Timeout,Timeout,Timeout,Timeout
9,2,8,0,0,2,1,237,188,2,3,2,11,19,7,12,0,8
9,2,Timeout,Timeout,Timeout,Timeout,Timeout,Timeout,Timeout,Timeout,Timeout,Timeout,Timeout,Timeout,Timeout,Timeout,Timeout,Timeout,Timeout
9,2,Timeout,Timeout,Timeout,Timeout,Timeout,Timeout,Timeout,Timeout,Timeout,Timeout,Timeout,Timeout,Timeout,Timeout,Timeout,Timeout,Timeout
9,2,1847,209,2,1560,1,66405,8390,20,267,20,255,259,25,234,1,96
9,2,3,0,0,0,0,0,0,0,1,1,0,0,0,0,0,1
9,2,Timeout,Timeout,Timeout,Timeout,Timeout,Timeout,Timeout,Timeout,Timeout,Timeout,Timeout,Timeout,Timeout,Timeout,Timeout,Timeout,Timeout
9,2,Timeout,Timeout,Timeout,Timeout,Timeout,Timeout,Timeout,Timeout,Timeout,Timeout,Timeout,Timeout,Timeout,Timeout,Timeout,Timeout,Timeout
9,2,Timeout,Timeout,Timeout,Timeout,Timeout,Timeout,Timeout,Timeout,Timeout,Timeout,Timeout,Timeout,Timeout,Timeout,Timeout,Timeout,Timeout
10,2,Timeout,Timeout,Timeout,Timeout,Timeout,Timeout,Timeout,Timeout,Timeout,Timeout,Timeout,Timeout,Timeout,Timeout,Timeout,Timeout,Timeout
10,2,Timeout,Timeout,Timeout,Timeout,Timeout,Timeout,Timeout,Timeout,Timeout,Timeout,Timeout,Timeout,Timeout,Timeout,Timeout,Timeout,Timeout
10,2,Timeout,Timeout,Timeout,Timeout,Timeout,Timeout,Timeout,Timeout,Timeout,Timeout,Timeout,Timeout,Timeout,Timeout,Timeout,Timeout,Timeout
10,2,2643,98,0,2348,3,86034,9854,12,77,12,115,743,39,704,1,63
10,2,Timeout,Timeout,Timeout,Timeout,Timeout,Timeout,Timeout,Timeout,Timeout,Timeout,Timeout,Timeout,Timeout,Timeout,Timeout,Timeout,Timeout
10,2,Timeout,Timeout,Timeout,Timeout,Timeout,Timeout,Timeout,Timeout,Timeout,Timeout,Timeout,Timeout,Timeout,Timeout,Timeout,Timeout,Timeout
10,2,Timeout,Timeout,Timeout,Timeout,Timeout,Timeout,Timeout,Timeout,Timeout,Timeout,Timeout,Timeout,Timeout,Timeout,Timeout,Timeout,Timeout
10,2,Error,Error,Error,Error,Error,Error,Error,Error,Error,Error,Error,Error,Error,Error,Error,Error,Error
10,2,Timeout,Timeout,Timeout,Timeout,Timeout,Timeout,Timeout,Timeout,Timeout,Timeout,Timeout,Timeout,Timeout,Timeout,Timeout,Timeout,Timeout
10,2,Timeout,Timeout,Timeout,Timeout,Timeout,Timeout,Timeout,Timeout,Timeout,Timeout,Timeout,Timeout,Timeout,Timeout,Timeout,Timeout,Timeout
10,2,7,0,0,0,0,5,1,1,2,2,2,1,1,0,1,1
10,2,Error,Error,Error,Error,Error,Error,Error,Error,Error,Error,Error,Error,Error,Error,Error,Error,Error
10,2,67,3,0,36,0,4708,1071,10,35,9,52,88,19,69,1,24
10,2,Timeout,Timeout,Timeout,Timeout,Timeout,Timeout,Timeout,Timeout,Timeout,Timeout,Timeout,Timeout,Timeout,Timeout,Timeout,Timeout,Timeout
10,2,Timeout,Timeout,Timeout,Timeout,Timeout,Timeout,Timeout,Timeout,Timeout,Timeout,Timeout,Timeout,Timeout,Timeout,Timeout,Timeout,Timeout
10,2,Timeout,Timeout,Timeout,Timeout,Timeout,Timeout,Timeout,Timeout,Timeout,Timeout,Timeout,Timeout,Timeout,Timeout,Timeout,Timeout,Timeout
10,2,Timeout,Timeout,Timeout,Timeout,Timeout,Timeout,Timeout,Timeout,Timeout,Timeout,Timeout,Timeout,Timeout,Timeout,Timeout,Timeout,Timeout
10,2,Timeout,Timeout,Timeout,Timeout,Timeout,Timeout,Timeout,Timeout,Timeout,Timeout,Timeout,Timeout,Timeout,Timeout,Timeout,Timeout,Timeout
10,2,Timeout,Timeout,Timeout,Timeout,Timeout,Timeout,Timeout,Timeout,Timeout,Timeout,Timeout,Timeout,Timeout,Timeout,Timeout,Timeout,Timeout
10,2,Timeout,Timeout,Timeout,Timeout,Timeout,Timeout,Timeout,Timeout,Timeout,Timeout,Timeout,Timeout,Timeout,Timeout,Timeout,Timeout,Timeout
10,2,Timeout,Timeout,Timeout,Timeout,Timeout,Timeout,Timeout,Timeout,Timeout,Timeout,Timeout,Timeout,Timeout,Timeout,Timeout,Timeout,Timeout
10,2,Timeout,Timeout,Timeout,Timeout,Timeout,Timeout,Timeout,Timeout,Timeout,Timeout,Timeout,Timeout,Timeout,Timeout,Timeout,Timeout,Timeout
10,2,Timeout,Timeout,Timeout,Timeout,Timeout,Timeout,Timeout,Timeout,Timeout,Timeout,Timeout,Timeout,Timeout,Timeout,Timeout,Timeout,Timeout
10,2,Timeout,Timeout,Timeout,Timeout,Timeout,Timeout,Timeout,Timeout,Timeout,Timeout,Timeout,Timeout,Timeout,Timeout,Timeout,Timeout,Timeout
10,2,Timeout,Timeout,Timeout,Timeout,Timeout,Timeout,Timeout,Timeout,Timeout,Timeout,Timeout,Timeout,Timeout,Timeout,Timeout,Timeout,Timeout
10,2,Timeout,Timeout,Timeout,Timeout,Timeout,Timeout,Timeout,Timeout,Timeout,Timeout,Timeout,Timeout,Timeout,Timeout,Timeout,Timeout,Timeout
10,2,Timeout,Timeout,Timeout,Timeout,Timeout,Timeout,Timeout,Timeout,Timeout,Timeout,Timeout,Timeout,Timeout,Timeout,Timeout,Timeout,Timeout
10,2,Timeout,Timeout,Timeout,Timeout,Timeout,Timeout,Timeout,Timeout,Timeout,Timeout,Timeout,Timeout,Timeout,Timeout,Timeout,Timeout,Timeout
10,2,Timeout,Timeout,Timeout,Timeout,Timeout,Timeout,Timeout,Timeout,Timeout,Timeout,Timeout,Timeout,Timeout,Timeout,Timeout,Timeout,Timeout
10,2,Timeout,Timeout,Timeout,Timeout,Timeout,Timeout,Timeout,Timeout,Timeout,Timeout,Timeout,Timeout,Timeout,Timeout,Timeout,Timeout,Timeout
10,2,Timeout,Timeout,Timeout,Timeout,Timeout,Timeout,Timeout,Timeout,Timeout,Timeout,Timeout,Timeout,Timeout,Timeout,Timeout,Timeout,Timeout
10,2,Timeout,Timeout,Timeout,Timeout,Timeout,Timeout,Timeout,Timeout,Timeout,Timeout,Timeout,Timeout,Timeout,Timeout,Timeout,Timeout,Timeout
10,2,Timeout,Timeout,Timeout,Timeout,Timeout,Timeout,Timeout,Timeout,Timeout,Timeout,Timeout,Timeout,Timeout,Timeout,Timeout,Timeout,Timeout
10,2,Timeout,Timeout,Timeout,Timeout,Timeout,Timeout,Timeout,Timeout,Timeout,Timeout,Timeout,Timeout,Timeout,Timeout,Timeout,Timeout,Timeout
10,2,Timeout,Timeout,Timeout,Timeout,Timeout,Timeout,Timeout,Timeout,Timeout,Timeout,Timeout,Timeout,Timeout,Timeout,Timeout,Timeout,Timeout
10,2,34,0,0,19,9,2860,1669,5,10,4,36,79,13,66,0,24
10,2,Timeout,Timeout,Timeout,Timeout,Timeout,Timeout,Timeout,Timeout,Timeout,Timeout,Timeout,Timeout,Timeout,Timeout,Timeout,Timeout,Timeout
10,2,Timeout,Timeout,Timeout,Timeout,Timeout,Timeout,Timeout,Timeout,Timeout,Timeout,Timeout,Timeout,Timeout,Timeout,Timeout,Timeout,Timeout
10,2,Timeout,Timeout,Timeout,Timeout,Timeout,Timeout,Timeout,Timeout,Timeout,Timeout,Timeout,Timeout,Timeout,Timeout,Timeout,Timeout,Timeout
10,2,Timeout,Timeout,Timeout,Timeout,Timeout,Timeout,Timeout,Timeout,Timeout,Timeout,Timeout,Timeout,Timeout,Timeout,Timeout,Timeout,Timeout
10,2,Timeout,Timeout,Timeout,Timeout,Timeout,Timeout,Timeout,Timeout,Timeout,Timeout,Timeout,Timeout,Timeout,Timeout,Timeout,Timeout,Timeout
10,2,Timeout,Timeout,Timeout,Timeout,Timeout,Timeout,Timeout,Timeout,Timeout,Timeout,Timeout,Timeout,Timeout,Timeout,Timeout,Timeout,Timeout
10,2,3,1,0,0,0,0,0,0,1,1,0,0,0,0,0,1
10,2,Timeout,Timeout,Timeout,Timeout,Timeout,Timeout,Timeout,Timeout,Timeout,Timeout,Timeout,Timeout,Timeout,Timeout,Timeout,Timeout,Timeout
10,2,Timeout,Timeout,Timeout,Timeout,Timeout,Timeout,Timeout,Timeout,Timeout,Timeout,Timeout,Timeout,Timeout,Timeout,Timeout,Timeout,Timeout
10,2,Timeout,Timeout,Timeout,Timeout,Timeout,Timeout,Timeout,Timeout,Timeout,Timeout,Timeout,Timeout,Timeout,Timeout,Timeout,Timeout,Timeout
10,2,7,1,0,0,0,14,2,1,2,2,4,2,2,0,1,3
10,2,Timeout,Timeout,Timeout,Timeout,Timeout,Timeout,Timeout,Timeout,Timeout,Timeout,Timeout,Timeout,Timeout,Timeout,Timeout,Timeout,Timeout
10,2,Timeout,Timeout,Timeout,Timeout,Timeout,Timeout,Timeout,Timeout,Timeout,Timeout,Timeout,Timeout,Timeout,Timeout,Timeout,Timeout,Timeout
10,2,Timeout,Timeout,Timeout,Timeout,Timeout,Timeout,Timeout,Timeout,Timeout,Timeout,Timeout,Timeout,Timeout,Timeout,Timeout,Timeout,Timeout
10,2,Timeout,Timeout,Timeout,Timeout,Timeout,Timeout,Timeout,Timeout,Timeout,Timeout,Timeout,Timeout,Timeout,Timeout,Timeout,Timeout,Timeout
10,2,Timeout,Timeout,Timeout,Timeout,Timeout,Timeout,Timeout,Timeout,Timeout,Timeout,Timeout,Timeout,Timeout,Timeout,Timeout,Timeout,Timeout
10,2,Timeout,Timeout,Timeout,Timeout,Timeout,Timeout,Timeout,Timeout,Timeout,Timeout,Timeout,Timeout,Timeout,Timeout,Timeout,Timeout,Timeout
10,2,27,5,0,8,2,1374,401,5,7,4,31,42,13,29,1,19
10,2,17,0,0,5,1,933,312,6,7,4,28,32,9,23,0,20
10,2,Timeout,Timeout,Timeout,Timeout,Timeout,Timeout,Timeout,Timeout,Timeout,Timeout,Timeout,Timeout,Timeout,Timeout,Timeout,Timeout,Timeout
10,2,Timeout,Timeout,Timeout,Timeout,Timeout,Timeout,Timeout,Timeout,Timeout,Timeout,Timeout,Timeout,Timeout,Timeout,Timeout,Timeout,Timeout
10,2,Timeout,Timeout,Timeout,Timeout,Timeout,Timeout,Timeout,Timeout,Timeout,Timeout,Timeout,Timeout,Timeout,Timeout,Timeout,Timeout,Timeout
10,2,15,1,0,3,2,545,345,3,6,3,22,23,9,14,1,19
10,2,Timeout,Timeout,Timeout,Timeout,Timeout,Timeout,Timeout,Timeout,Timeout,Timeout,Timeout,Timeout,Timeout,Timeout,Timeout,Timeout,Timeout
10,2,Timeout,Timeout,Timeout,Timeout,Timeout,Timeout,Timeout,Timeout,Timeout,Timeout,Timeout,Timeout,Timeout,Timeout,Timeout,Timeout,Timeout
10,2,6213,6196,0,2,0,509,139,3,7,4,16,29,12,17,1,14
10,2,Timeout,Timeout,Timeout,Timeout,Timeout,Timeout,Timeout,Timeout,Timeout,Timeout,Timeout,Timeout,Timeout,Timeout,Timeout,Timeout,Timeout
10,2,Timeout,Timeout,Timeout,Timeout,Timeout,Timeout,Timeout,Timeout,Timeout,Timeout,Timeout,Timeout,Timeout,Timeout,Timeout,Timeout,Timeout
10,2,Timeout,Timeout,Timeout,Timeout,Timeout,Timeout,Timeout,Timeout,Timeout,Timeout,Timeout,Timeout,Timeout,Timeout,Timeout,Timeout,Timeout
10,2,Timeout,Timeout,Timeout,Timeout,Timeout,Timeout,Timeout,Timeout,Timeout,Timeout,Timeout,Timeout,Timeout,Timeout,Timeout,Timeout,Timeout
10,2,Timeout,Timeout,Timeout,Timeout,Timeout,Timeout,Timeout,Timeout,Timeout,Timeout,Timeout,Timeout,Timeout,Timeout,Timeout,Timeout,Timeout
10,2,Timeout,Timeout,Timeout,Timeout,Timeout,Timeout,Timeout,Timeout,Timeout,Timeout,Timeout,Timeout,Timeout,Timeout,Timeout,Timeout,Timeout
10,2,Timeout,Timeout,Timeout,Timeout,Timeout,Timeout,Timeout,Timeout,Timeout,Timeout,Timeout,Timeout,Timeout,Timeout,Timeout,Timeout,Timeout
10,2,Timeout,Timeout,Timeout,Timeout,Timeout,Timeout,Timeout,Timeout,Timeout,Timeout,Timeout,Timeout,Timeout,Timeout,Timeout,Timeout,Timeout
10,2,Timeout,Timeout,Timeout,Timeout,Timeout,Timeout,Timeout,Timeout,Timeout,Timeout,Timeout,Timeout,Timeout,Timeout,Timeout,Timeout,Timeout
10,2,7,0,0,0,0,5,1,1,2,2,2,1,1,0,1,1
10,2,Timeout,Timeout,Timeout,Timeout,Timeout,Timeout,Timeout,Timeout,Timeout,Timeout,Timeout,Timeout,Timeout,Timeout,Timeout,Timeout,Timeout
10,2,Timeout,Timeout,Timeout,Timeout,Timeout,Timeout,Timeout,Timeout,Timeout,Timeout,Timeout,Timeout,Timeout,Timeout,Timeout,Timeout,Timeout
10,2,Timeout,Timeout,Timeout,Timeout,Timeout,Timeout,Timeout,Timeout,Timeout,Timeout,Timeout,Timeout,Timeout,Timeout,Timeout,Timeout,Timeout
10,2,Error,Error,Error,Error,Error,Error,Error,Error,Error,Error,Error,Error,Error,Error,Error,Error,Error
10,2,Timeout,Timeout,Timeout,Timeout,Timeout,Timeout,Timeout,Timeout,Timeout,Timeout,Timeout,Timeout,Timeout,Timeout,Timeout,Timeout,Timeout
10,2,Timeout,Timeout,Timeout,Timeout,Timeout,Timeout,Timeout,Timeout,Timeout,Timeout,Timeout,Timeout,Timeout,Timeout,Timeout,Timeout,Timeout
10,2,13,1,0,1,0,149,57,4,4,3,14,9,7,2,1,10
10,2,Timeout,Timeout,Timeout,Timeout,Timeout,Timeout,Timeout,Timeout,Timeout,Timeout,Timeout,Timeout,Timeout,Timeout,Timeout,Timeout,Timeout
10,2,16,1,0,1,0,152,28,5,7,4,16,8,6,2,2,9
10,2,Timeout,Timeout,Timeout,Timeout,Timeout,Timeout,Timeout,Timeout,Timeout,Timeout,Timeout,Timeout,Timeout,Timeout,Timeout,Timeout,Timeout
10,2,23,0,0,10,0,1222,390,3,10,4,30,39,11,28,0,22
10,2,Timeout,Timeout,Timeout,Timeout,Timeout,Timeout,Timeout,Timeout,Timeout,Timeout,Timeout,Timeout,Timeout,Timeout,Timeout,Timeout,Timeout
10,2,Timeout,Timeout,Timeout,Timeout,Timeout,Timeout,Timeout,Timeout,Timeout,Timeout,Timeout,Timeout,Timeout,Timeout,Timeout,Timeout,Timeout
10,2,Timeout,Timeout,Timeout,Timeout,Timeout,Timeout,Timeout,Timeout,Timeout,Timeout,Timeout,Timeout,Timeout,Timeout,Timeout,Timeout,Timeout
10,2,Timeout,Timeout,Timeout,Timeout,Timeout,Timeout,Timeout,Timeout,Timeout,Timeout,Timeout,Timeout,Timeout,Timeout,Timeout,Timeout,Timeout
10,2,Timeout,Timeout,Timeout,Timeout,Timeout,Timeout,Timeout,Timeout,Timeout,Timeout,Timeout,Timeout,Timeout,Timeout,Timeout,Timeout,Timeout
10,2,Timeout,Timeout,Timeout,Timeout,Timeout,Timeout,Timeout,Timeout,Timeout,Timeout,Timeout,Timeout,Timeout,Timeout,Timeout,Timeout,Timeout
10,2,13,2,0,2,0,167,40,2,5,3,11,13,8,5,1,10
10,2,Timeout,Timeout,Timeout,Timeout,Timeout,Timeout,Timeout,Timeout,Timeout,Timeout,Timeout,Timeout,Timeout,Timeout,Timeout,Timeout,Timeout
10,2,748,12,1,688,0,38905,13109,15,87,14,211,183,47,136,1,40
10,2,Timeout,Timeout,Timeout,Timeout,Timeout,Timeout,Timeout,Timeout,Timeout,Timeout,Timeout,Timeout,Timeout,Timeout,Timeout,Timeout,Timeout
10,2,Timeout,Timeout,Timeout,Timeout,Timeout,Timeout,Timeout,Timeout,Timeout,Timeout,Timeout,Timeout,Timeout,Timeout,Timeout,Timeout,Timeout
10,2,12,1,0,0,0,102,21,2,4,3,7,12,6,6,1,6
10,2,Timeout,Timeout,Timeout,Timeout,Timeout,Timeout,Timeout,Timeout,Timeout,Timeout,Timeout,Timeout,Timeout,Timeout,Timeout,Timeout,Timeout
10,2,17,1,0,2,1,251,77,4,7,4,13,17,8,9,1,10
10,2,11,1,0,2,0,167,79,4,4,3,13,11,6,5,1,6
10,2,Timeout,Timeout,Timeout,Timeout,Timeout,Timeout,Timeout,Timeout,Timeout,Timeout,Timeout,Timeout,Timeout,Timeout,Timeout,Timeout,Timeout
10,2,Timeout,Timeout,Timeout,Timeout,Timeout,Timeout,Timeout,Timeout,Timeout,Timeout,Timeout,Timeout,Timeout,Timeout,Timeout,Timeout,Timeout
